ds,city,PM2_5,PM10,AQI,n_stations,temp_c,humidity_pct,wind_speed_ms,wind_dir_deg,pressure_hpa,dust_risk_score,weather_desc,PM2_5_lag1h,PM10_lag1h,PM2_5_roll3h,PM2_5_roll24h,PM2_5_delta,alert_pm25,alert_pm10,alert
2026-05-10 23:00:00+00:00,Delhi,77.1,157.2,154.1,3,20.1,58.8,0.5,87,1007.2975891291525,0.619,clear sky,,,77.1,,,RED,RED,RED
2026-05-11 00:00:00+00:00,Delhi,67.9,123.8,135.8,3,19.6,60.7,0.5,276,1008.3539838370305,0.613,clear sky,77.1,157.2,72.5,,-9.199999999999989,RED,RED,RED
2026-05-11 01:00:00+00:00,Delhi,130.0,235.1,259.9,3,21.8,52.2,0.5,187,1009.8103236751144,0.642,haze,67.9,123.8,91.66666666666667,91.66666666666667,62.099999999999994,RED,RED,RED
2026-05-11 02:00:00+00:00,Delhi,77.1,144.8,154.1,3,18.9,65.7,0.5,306,1009.1826990656388,0.595,clear sky,130.0,235.1,91.66666666666667,88.025,-52.900000000000006,RED,RED,RED
2026-05-11 03:00:00+00:00,Delhi,123.7,269.3,247.5,3,24.3,49.5,0.5,339,1011.3582708346855,0.652,haze,77.1,144.8,110.26666666666667,95.16,46.60000000000001,RED,RED,RED
2026-05-11 04:00:00+00:00,Delhi,99.9,213.1,199.8,3,22.9,51.3,0.5,1,1004.5236892742248,0.645,haze,123.7,269.3,100.23333333333333,95.95,-23.799999999999997,RED,RED,RED
2026-05-11 05:00:00+00:00,Delhi,88.5,160.3,176.9,3,25.6,48.4,1.26,269,1011.6026783158486,0.622,haze,99.9,213.1,104.03333333333335,94.88571428571429,-11.400000000000006,RED,RED,RED
2026-05-11 06:00:00+00:00,Delhi,97.7,196.3,195.5,3,29.2,45.8,2.21,216,1012.9253133480422,0.611,haze,88.5,160.3,95.36666666666667,95.2375,9.200000000000003,RED,RED,RED
2026-05-11 07:00:00+00:00,Delhi,112.6,238.8,225.2,3,28.3,39.1,0.5,138,1009.8350288665226,0.713,haze,97.7,196.3,99.59999999999998,97.16666666666667,14.899999999999991,RED,RED,RED
2026-05-11 08:00:00+00:00,Delhi,118.8,242.5,237.5,3,31.1,38.1,6.16,200,1009.7911339385372,0.454,haze,112.6,238.8,109.69999999999999,99.33,6.200000000000003,RED,RED,RED
2026-05-11 09:00:00+00:00,Delhi,104.1,200.4,208.3,3,34.8,37.9,2.54,34,1005.3053761816329,0.664,haze,118.8,242.5,111.83333333333333,99.76363636363637,-14.700000000000003,RED,RED,RED
2026-05-11 10:00:00+00:00,Delhi,109.0,229.4,218.0,3,34.9,36.5,1.7,206,1009.01454375598,0.711,haze,104.1,200.4,110.63333333333333,100.53333333333335,4.900000000000006,RED,RED,RED
2026-05-11 11:00:00+00:00,Delhi,113.7,206.1,227.4,3,35.7,26.3,1.78,221,1011.1274748520183,0.749,haze,109.0,229.4,108.93333333333332,101.54615384615384,4.700000000000003,RED,RED,RED
2026-05-11 12:00:00+00:00,Delhi,117.4,220.8,234.8,3,35.0,30.4,2.97,283,1009.8242689860028,0.67,haze,113.7,206.1,113.36666666666667,102.67857142857143,3.700000000000003,RED,RED,RED
2026-05-11 13:00:00+00:00,Delhi,119.1,223.2,238.1,3,36.1,30.8,4.12,347,1010.9059349715986,0.619,haze,117.4,220.8,116.73333333333335,103.77333333333333,1.6999999999999886,RED,RED,RED
2026-05-11 14:00:00+00:00,Delhi,113.1,232.9,226.2,3,34.7,29.4,1.91,317,1006.4800703411054,0.724,haze,119.1,223.2,116.53333333333335,104.35625,-6.0,RED,RED,RED
2026-05-11 15:00:00+00:00,Delhi,98.9,215.3,197.8,3,33.4,35.0,3.04,112,1001.9330552004128,0.638,haze,113.1,232.9,110.36666666666667,104.03529411764706,-14.199999999999989,RED,RED,RED
2026-05-11 16:00:00+00:00,Delhi,96.2,200.0,192.4,3,32.0,35.2,15.23,186,1009.3722469461575,0.279,haze,98.9,215.3,102.73333333333333,103.6,-2.700000000000003,RED,RED,RED
2026-05-11 17:00:00+00:00,Delhi,91.0,173.9,182.0,3,32.5,40.5,0.5,171,1008.9046420270008,0.74,haze,96.2,200.0,95.36666666666667,102.93684210526315,-5.200000000000003,RED,RED,RED
2026-05-11 18:00:00+00:00,Delhi,100.7,184.6,201.4,3,26.1,41.0,4.06,324,1005.9952599026028,0.511,haze,91.0,173.9,95.96666666666665,102.825,9.700000000000003,RED,RED,RED
2026-05-11 19:00:00+00:00,Delhi,91.4,167.8,182.8,3,27.3,47.4,0.52,348,1010.7694878250259,0.676,haze,100.7,184.6,94.36666666666667,102.28095238095239,-9.299999999999997,RED,RED,RED
2026-05-11 20:00:00+00:00,Delhi,73.0,152.2,146.0,3,24.9,50.9,0.5,127,1011.2895865694846,0.647,clear sky,91.4,167.8,88.36666666666667,100.95,-18.400000000000006,RED,RED,RED
2026-05-11 21:00:00+00:00,Delhi,83.8,175.4,167.6,3,22.4,56.2,2.98,262,1003.6695499449113,0.504,haze,73.0,152.2,82.73333333333333,100.20434782608694,10.799999999999997,RED,RED,RED
2026-05-11 22:00:00+00:00,Delhi,81.0,163.0,162.1,3,21.6,57.0,5.69,36,1007.3823998487135,0.366,haze,83.8,175.4,79.26666666666667,99.40416666666665,-2.799999999999997,RED,RED,RED
2026-05-11 23:00:00+00:00,Delhi,71.9,149.6,143.8,3,20.5,59.8,1.3,160,1008.3172909410832,0.576,clear sky,81.0,163.0,78.89999999999999,99.1875,-9.099999999999994,RED,RED,RED
2026-05-12 00:00:00+00:00,Delhi,69.6,150.2,139.1,3,20.2,60.9,0.5,337,1005.8569457459209,0.612,clear sky,71.9,149.6,74.16666666666667,99.25833333333333,-2.3000000000000114,RED,RED,RED
2026-05-12 01:00:00+00:00,Delhi,55.2,103.3,110.5,3,19.5,59.5,0.5,134,1006.8500300812022,0.617,clear sky,69.6,150.2,65.56666666666666,96.14166666666667,-14.399999999999991,AMBER,RED,RED
2026-05-12 02:00:00+00:00,Delhi,75.0,150.3,150.0,3,22.2,54.0,2.23,229,1010.1611617261146,0.549,clear sky,55.2,103.3,66.60000000000001,96.05416666666667,19.799999999999997,RED,RED,RED
2026-05-12 03:00:00+00:00,Delhi,95.0,201.1,189.9,3,22.1,63.8,1.7,316,1008.2812962904559,0.542,haze,75.0,150.3,75.06666666666666,94.85833333333333,20.0,RED,RED,RED
2026-05-12 04:00:00+00:00,Delhi,115.9,210.7,231.9,3,24.0,52.5,0.82,5,1008.5717961153435,0.625,haze,95.0,201.1,95.30000000000001,95.52500000000002,20.900000000000006,RED,RED,RED
2026-05-12 05:00:00+00:00,Delhi,98.5,215.2,197.0,3,26.7,47.5,1.22,160,1010.3311493847108,0.635,haze,115.9,210.7,103.13333333333334,95.94166666666668,-17.400000000000006,RED,RED,RED
2026-05-12 06:00:00+00:00,Delhi,97.6,212.2,195.2,3,27.5,46.9,0.5,287,1013.2888124169096,0.68,haze,98.5,215.2,104.0,95.9375,-0.9000000000000057,RED,RED,RED
2026-05-12 07:00:00+00:00,Delhi,100.7,193.1,201.3,3,31.5,43.8,0.5,245,1006.6520868417126,0.72,haze,97.6,212.2,98.93333333333332,95.44166666666666,3.1000000000000085,RED,RED,RED
2026-05-12 08:00:00+00:00,Delhi,102.6,218.0,205.3,3,31.1,39.0,4.0,320,1019.5581944719642,0.559,haze,100.7,193.1,100.3,94.76666666666665,1.8999999999999915,RED,RED,RED
2026-05-12 09:00:00+00:00,Delhi,114.9,247.5,229.8,3,33.0,34.6,1.44,341,1006.7717735082854,0.717,haze,102.6,218.0,106.06666666666668,95.21666666666665,12.300000000000011,RED,RED,RED
2026-05-12 10:00:00+00:00,Delhi,110.0,234.9,220.0,3,34.5,30.8,0.5,270,1009.7869309554129,0.788,haze,114.9,247.5,109.16666666666667,95.25833333333333,-4.900000000000006,RED,RED,RED
2026-05-12 11:00:00+00:00,Delhi,109.8,231.4,219.5,3,35.4,32.2,0.5,349,1004.1873845793718,0.79,haze,110.0,234.9,111.56666666666666,95.09583333333335,-0.20000000000000284,RED,RED,RED
2026-05-12 12:00:00+00:00,Delhi,132.2,289.5,264.3,3,36.6,23.9,3.96,318,1008.5593629443083,0.655,haze,109.8,231.4,117.33333333333333,95.71249999999999,22.39999999999999,RED,RED,RED
2026-05-12 13:00:00+00:00,Delhi,124.5,233.2,248.9,3,35.3,30.1,2.92,128,1005.6194849469822,0.676,haze,132.2,289.5,122.16666666666667,95.9375,-7.699999999999989,RED,RED,RED
2026-05-12 14:00:00+00:00,Delhi,104.6,211.4,209.3,3,34.6,34.8,0.82,271,1011.7992205661186,0.759,haze,124.5,233.2,120.43333333333332,95.58333333333333,-19.900000000000006,RED,RED,RED
2026-05-12 15:00:00+00:00,Delhi,119.1,249.3,238.3,3,33.9,34.7,0.5,85,1006.221351802619,0.77,haze,104.6,211.4,116.06666666666665,96.42500000000001,14.5,RED,RED,RED
2026-05-12 16:00:00+00:00,Delhi,99.9,183.7,199.8,3,32.8,27.8,0.5,221,1004.9268370759971,0.786,haze,119.1,249.3,107.86666666666666,96.57916666666665,-19.19999999999999,RED,RED,RED
2026-05-12 17:00:00+00:00,Delhi,87.2,187.8,174.3,3,30.2,41.1,1.94,3,1010.2678058453749,0.648,haze,99.9,183.7,102.06666666666666,96.42083333333333,-12.700000000000003,RED,RED,RED
2026-05-12 18:00:00+00:00,Delhi,89.5,192.2,179.1,3,28.1,48.5,2.83,162,1009.594200032881,0.562,haze,87.2,187.8,92.19999999999999,95.95416666666667,2.299999999999997,RED,RED,RED
2026-05-12 19:00:00+00:00,Delhi,75.2,163.8,150.5,3,28.0,50.2,5.89,43,1007.6745063343095,0.402,clear sky,89.5,192.2,83.96666666666665,95.27916666666665,-14.299999999999997,RED,RED,RED
2026-05-12 20:00:00+00:00,Delhi,69.3,125.8,138.6,3,23.3,47.9,2.67,92,1011.3506803206051,0.549,clear sky,75.2,163.8,78.0,95.125,-5.900000000000006,RED,RED,RED
2026-05-12 21:00:00+00:00,Delhi,69.1,143.6,138.1,3,23.2,58.3,3.32,276,1008.9218985626298,0.48,clear sky,69.3,125.8,71.19999999999999,94.5125,-0.20000000000000284,RED,RED,RED
2026-05-12 22:00:00+00:00,Delhi,73.1,148.2,146.2,3,21.6,62.8,0.5,95,1009.5838812810795,0.605,clear sky,69.1,143.6,70.49999999999999,94.18333333333334,4.0,RED,RED,RED
2026-05-12 23:00:00+00:00,Delhi,77.5,152.7,154.9,3,20.1,62.0,0.5,272,1010.440528908002,0.608,clear sky,73.1,148.2,73.2333333333333,94.41666666666667,4.400000000000006,RED,RED,RED
2026-05-13 00:00:00+00:00,Delhi,72.4,138.9,144.8,3,23.3,61.2,2.82,51,1007.6264242572189,0.495,clear sky,77.5,152.7,74.33333333333333,94.53333333333335,-5.099999999999994,RED,RED,RED
2026-05-13 01:00:00+00:00,Delhi,93.6,179.4,187.1,3,21.3,63.1,3.49,150,1004.4100185923594,0.455,haze,72.4,138.9,81.16666666666664,96.13333333333333,21.19999999999999,RED,RED,RED
2026-05-13 02:00:00+00:00,Delhi,79.9,175.0,159.9,3,21.3,59.0,3.06,238,1013.0258797490046,0.491,clear sky,93.6,179.4,81.96666666666665,96.33749999999999,-13.699999999999989,RED,RED,RED
2026-05-13 03:00:00+00:00,Delhi,91.2,167.9,182.5,3,21.8,56.3,0.5,282,1006.4791704738866,0.628,haze,79.9,175.0,88.23333333333333,96.17916666666666,11.299999999999997,RED,RED,RED
2026-05-13 04:00:00+00:00,Delhi,89.9,197.3,179.8,3,24.2,48.2,4.19,326,1003.7776086768704,0.472,haze,91.2,167.9,87.0,95.09583333333332,-1.2999999999999972,RED,RED,RED
2026-05-13 05:00:00+00:00,Delhi,93.7,189.7,187.5,3,25.7,51.5,0.5,172,1007.5201844101097,0.65,haze,89.9,197.3,91.60000000000001,94.89583333333333,3.799999999999997,RED,RED,RED
2026-05-13 06:00:00+00:00,Delhi,104.9,193.7,209.7,3,27.7,46.0,3.43,347,1005.5183071693431,0.538,haze,93.7,189.7,96.16666666666667,95.19999999999999,11.200000000000003,RED,RED,RED
2026-05-13 07:00:00+00:00,Delhi,109.0,234.0,217.9,3,30.5,41.8,0.5,226,1008.0377772023454,0.72,haze,104.9,193.7,102.53333333333332,95.54583333333333,4.099999999999994,RED,RED,RED
2026-05-13 08:00:00+00:00,Delhi,109.9,207.3,219.8,3,32.2,34.8,3.34,11,1012.5774898717525,0.615,haze,109.0,234.0,107.93333333333334,95.85000000000001,0.9000000000000057,RED,RED,RED
2026-05-13 09:00:00+00:00,Delhi,109.2,204.0,218.4,3,33.4,30.8,0.65,27,1012.7674323966077,0.773,haze,109.9,207.3,109.36666666666666,95.61250000000001,-0.7000000000000028,RED,RED,RED
2026-05-13 10:00:00+00:00,Delhi,102.0,211.6,204.0,3,35.3,34.2,1.35,311,1012.4299758762888,0.74,haze,109.2,204.0,107.03333333333332,95.27916666666668,-7.200000000000003,RED,RED,RED
2026-05-13 11:00:00+00:00,Delhi,118.0,231.9,236.1,3,36.8,30.2,10.55,266,1012.5813037796775,0.333,haze,102.0,211.6,109.73333333333333,95.62083333333334,16.0,RED,RED,RED
2026-05-13 12:00:00+00:00,Delhi,101.3,216.5,202.6,3,37.4,29.7,1.34,310,1011.7134489359204,0.772,haze,118.0,231.9,107.09999999999998,94.33333333333333,-16.700000000000003,RED,RED,RED
2026-05-13 13:00:00+00:00,Delhi,113.8,250.2,227.6,3,36.0,35.1,7.24,82,1008.9373754432938,0.448,haze,101.3,216.5,111.03333333333332,93.8875,12.5,RED,RED,RED
2026-05-13 14:00:00+00:00,Delhi,104.8,228.7,209.6,3,33.3,27.9,2.78,287,1009.6064754299256,0.676,haze,113.8,250.2,106.63333333333333,93.89583333333333,-9.0,RED,RED,RED
2026-05-13 15:00:00+00:00,Delhi,102.1,217.6,204.1,3,33.2,37.2,8.6,221,1006.2920216083537,0.351,haze,104.8,228.7,106.89999999999998,93.1875,-2.700000000000003,RED,RED,RED
2026-05-13 16:00:00+00:00,Delhi,99.6,196.1,199.3,3,33.3,39.3,4.09,102,1011.6384452210481,0.571,haze,102.1,217.6,102.16666666666664,93.17500000000001,-2.5,RED,RED,RED
2026-05-13 17:00:00+00:00,Delhi,99.0,195.5,198.0,3,28.3,40.3,1.8,334,1010.1526267673879,0.644,haze,99.6,196.1,100.2333333333333,93.66666666666667,-0.5999999999999943,RED,RED,RED
2026-05-13 18:00:00+00:00,Delhi,98.0,213.7,196.1,3,26.6,39.9,1.54,33,1007.8333569033101,0.646,haze,99.0,195.5,98.86666666666666,94.02083333333333,-1.0,RED,RED,RED
2026-05-13 19:00:00+00:00,Delhi,68.0,138.1,136.0,3,27.1,50.3,1.54,335,1001.8124229782647,0.613,clear sky,98.0,213.7,88.33333333333331,93.72083333333335,-30.0,RED,RED,RED
2026-05-13 20:00:00+00:00,Delhi,67.5,145.8,135.1,3,24.5,58.7,0.5,121,1007.0419199773991,0.62,clear sky,68.0,138.1,77.83333333333331,93.64583333333333,-0.5,RED,RED,RED
2026-05-13 21:00:00+00:00,Delhi,78.7,152.6,157.4,3,21.8,55.8,1.91,11,1006.5340797438357,0.559,clear sky,67.5,145.8,71.39999999999999,94.04583333333333,11.200000000000003,RED,RED,RED
2026-05-13 22:00:00+00:00,Delhi,68.3,141.7,136.5,3,19.9,55.9,5.17,318,1008.6419397322027,0.396,clear sky,78.7,152.6,71.5,93.84583333333335,-10.400000000000006,RED,RED,RED
2026-05-13 23:00:00+00:00,Delhi,74.5,161.7,149.0,3,20.3,61.8,1.89,153,1005.6589699378269,0.539,clear sky,68.3,141.7,73.83333333333333,93.72083333333335,6.200000000000003,RED,RED,RED
2026-05-14 00:00:00+00:00,Delhi,79.6,160.2,159.2,3,20.3,59.6,1.9,14,1005.1333786781987,0.546,clear sky,74.5,161.7,74.13333333333333,94.02083333333333,5.099999999999994,RED,RED,RED
2026-05-14 01:00:00+00:00,Delhi,80.6,163.3,161.2,3,19.8,54.8,1.05,24,1008.6200683890032,0.606,haze,79.6,160.2,78.2333333333333,93.47916666666667,1.0,RED,RED,RED
2026-05-14 02:00:00+00:00,Delhi,91.1,167.2,182.2,3,21.7,65.1,3.42,235,1011.0435980780619,0.451,haze,80.6,163.3,83.76666666666665,93.94583333333333,10.5,RED,RED,RED
2026-05-14 03:00:00+00:00,Delhi,84.8,174.6,169.6,3,21.7,49.9,10.77,228,1010.8238537341814,0.175,haze,91.1,167.2,85.5,93.67916666666667,-6.299999999999997,RED,RED,RED
2026-05-14 04:00:00+00:00,Delhi,88.7,189.9,177.4,3,22.7,53.0,6.23,334,1010.7236158417273,0.353,haze,84.8,174.6,88.19999999999999,93.62916666666666,3.9000000000000057,RED,RED,RED
2026-05-14 05:00:00+00:00,Delhi,94.9,196.1,189.7,3,26.7,49.2,2.12,172,1010.2541613701154,0.585,haze,88.7,189.9,89.46666666666665,93.67916666666666,6.200000000000003,RED,RED,RED
2026-05-14 06:00:00+00:00,Delhi,99.7,196.4,199.4,3,28.6,40.1,0.5,89,1008.1442548399841,0.711,haze,94.9,196.1,94.43333333333332,93.46250000000002,4.799999999999997,RED,RED,RED
2026-05-14 07:00:00+00:00,Delhi,108.1,234.9,216.3,3,30.2,43.8,1.15,9,1002.9453835830968,0.678,haze,99.7,196.4,100.89999999999999,93.42500000000001,8.399999999999991,RED,RED,RED
2026-05-14 08:00:00+00:00,Delhi,129.6,268.8,259.3,3,34.0,44.7,3.95,94,1006.1867565656048,0.563,haze,108.1,234.9,112.46666666666665,94.24583333333334,21.5,RED,RED,RED
2026-05-14 09:00:00+00:00,Delhi,117.6,214.8,235.1,3,33.7,35.9,4.61,327,1012.7404022852256,0.56,haze,129.6,268.8,118.43333333333332,94.59583333333332,-12.0,RED,RED,RED
2026-05-14 10:00:00+00:00,Delhi,121.6,259.0,243.2,3,35.6,30.3,2.51,61,1005.9577671762884,0.698,haze,117.6,214.8,122.93333333333332,95.41249999999998,4.0,RED,RED,RED
2026-05-14 11:00:00+00:00,Delhi,123.9,263.4,247.8,3,35.4,24.4,1.55,352,1004.9757410672478,0.765,haze,121.6,259.0,121.03333333333332,95.65833333333332,2.3000000000000114,RED,RED,RED
2026-05-14 12:00:00+00:00,Delhi,115.1,248.7,230.3,3,37.7,32.5,5.92,38,1001.3665940729763,0.535,haze,123.9,263.4,120.19999999999999,96.23333333333333,-8.800000000000011,RED,RED,RED
2026-05-14 13:00:00+00:00,Delhi,99.9,211.6,199.8,3,36.9,32.4,5.61,156,1014.8120785734131,0.545,haze,115.1,248.7,112.96666666666665,95.65416666666665,-15.199999999999989,RED,RED,RED
2026-05-14 14:00:00+00:00,Delhi,103.6,217.4,207.3,3,34.1,32.2,3.59,122,1006.5670276597046,0.626,haze,99.9,211.6,106.19999999999999,95.60416666666667,3.6999999999999886,RED,RED,RED
2026-05-14 15:00:00+00:00,Delhi,98.8,192.9,197.6,3,33.9,41.2,1.74,135,1005.1990856722113,0.686,haze,103.6,217.4,100.76666666666665,95.46666666666665,-4.799999999999997,RED,RED,RED
2026-05-14 16:00:00+00:00,Delhi,92.9,194.0,185.8,3,31.4,41.7,1.96,298,1011.0258088495465,0.655,haze,98.8,192.9,98.43333333333332,95.1875,-5.8999999999999915,RED,RED,RED
2026-05-14 17:00:00+00:00,Delhi,100.0,193.6,199.9,3,30.4,39.9,0.85,217,1003.6433878695873,0.709,haze,92.9,194.0,97.23333333333333,95.22916666666667,7.099999999999994,RED,RED,RED
2026-05-14 18:00:00+00:00,Delhi,86.4,156.2,172.9,3,30.6,50.3,6.39,327,1009.7708238571854,0.396,haze,100.0,193.6,93.09999999999998,94.74583333333334,-13.599999999999994,RED,RED,RED
2026-05-14 19:00:00+00:00,Delhi,89.8,164.1,179.6,3,26.6,47.9,0.5,181,1006.5891556598117,0.669,haze,86.4,156.2,92.06666666666666,95.65416666666665,3.3999999999999915,RED,RED,RED
2026-05-14 20:00:00+00:00,Delhi,72.6,137.2,145.1,3,25.0,47.7,3.41,201,1012.2464484075325,0.512,clear sky,89.8,164.1,82.93333333333332,95.86666666666666,-17.200000000000003,RED,RED,RED
2026-05-14 21:00:00+00:00,Delhi,65.7,142.4,131.4,3,20.7,51.7,3.34,16,1004.1147636838092,0.502,clear sky,72.6,137.2,76.03333333333332,95.325,-6.8999999999999915,RED,RED,RED
2026-05-14 22:00:00+00:00,Delhi,69.1,131.3,138.3,3,21.2,54.4,0.5,160,1008.8315447380762,0.635,clear sky,65.7,142.4,69.13333333333333,95.35833333333333,3.3999999999999915,RED,RED,RED
2026-05-14 23:00:00+00:00,Delhi,81.7,147.6,163.5,3,18.4,56.4,8.11,176,1009.5500079259443,0.247,haze,69.1,131.3,72.16666666666666,95.65833333333332,12.600000000000009,RED,RED,RED
2026-05-15 00:00:00+00:00,Delhi,83.9,157.1,167.7,3,20.2,56.8,1.27,210,1004.6461645308991,0.588,haze,81.7,147.6,78.23333333333332,95.83749999999999,2.200000000000003,RED,RED,RED
2026-05-15 01:00:00+00:00,Delhi,74.7,145.7,149.4,3,18.1,60.4,0.87,174,1011.4995024897753,0.595,clear sky,83.9,157.1,80.09999999999998,95.59166666666668,-9.200000000000003,RED,RED,RED
2026-05-15 02:00:00+00:00,Delhi,102.1,204.1,204.2,3,23.0,56.9,1.02,54,1008.7148887863643,0.6,haze,74.7,145.7,86.89999999999999,96.05000000000001,27.39999999999999,RED,RED,RED
2026-05-15 03:00:00+00:00,Delhi,86.7,178.5,173.5,3,22.9,54.5,0.5,177,1007.791230531261,0.634,haze,102.1,204.1,87.83333333333333,96.12916666666666,-15.399999999999991,RED,RED,RED
2026-05-15 04:00:00+00:00,Delhi,91.6,174.2,183.2,3,25.0,52.6,2.26,248,1003.7674484087827,0.553,haze,86.7,178.5,93.46666666666665,96.25,4.8999999999999915,RED,RED,RED
2026-05-15 05:00:00+00:00,Delhi,95.3,180.6,190.6,3,26.4,48.2,3.2,119,1006.8755375773512,0.532,haze,91.6,174.2,91.19999999999999,96.26666666666667,3.700000000000003,RED,RED,RED
2026-05-15 06:00:00+00:00,Delhi,91.5,187.8,182.9,3,27.1,47.1,0.5,35,1009.4003476507946,0.676,haze,95.3,180.6,92.8,95.925,-3.799999999999997,RED,RED,RED
2026-05-15 07:00:00+00:00,Delhi,120.8,247.6,241.5,3,31.0,44.1,1.13,118,1006.4776881422761,0.684,haze,91.5,187.8,102.53333333333332,96.45416666666665,29.299999999999997,RED,RED,RED
2026-05-15 08:00:00+00:00,Delhi,119.7,241.9,239.4,3,30.6,32.2,7.41,341,1006.3652332951233,0.408,haze,120.8,247.6,110.66666666666664,96.04166666666667,-1.0999999999999943,RED,RED,RED
2026-05-15 09:00:00+00:00,Delhi,113.4,248.8,226.7,3,33.9,30.4,1.66,208,1007.635660081547,0.728,haze,119.7,241.9,117.96666666666665,95.86666666666667,-6.299999999999997,RED,RED,RED
2026-05-15 10:00:00+00:00,Delhi,119.8,228.0,239.6,3,33.2,32.5,10.4,28,1007.448049990942,0.298,haze,113.4,248.8,117.63333333333333,95.79166666666667,6.3999999999999915,RED,RED,RED
2026-05-15 11:00:00+00:00,Delhi,152.6,330.5,305.2,3,34.9,31.1,0.8,16,1005.0648816671549,0.776,haze,119.8,228.0,128.6,96.9875,32.8,RED,RED,RED
2026-05-15 12:00:00+00:00,Delhi,114.4,210.9,228.9,3,33.4,28.7,0.77,218,1006.061371914531,0.774,haze,152.6,330.5,128.9333333333333,96.95833333333333,-38.19999999999999,RED,RED,RED
2026-05-15 13:00:00+00:00,Delhi,124.7,233.2,249.4,3,37.3,30.0,1.21,121,1010.4197797437411,0.777,haze,114.4,210.9,130.56666666666666,97.99166666666667,10.299999999999997,RED,RED,RED
2026-05-15 14:00:00+00:00,Delhi,92.5,173.3,185.0,3,33.9,32.5,0.5,266,1007.3323755834866,0.778,haze,124.7,233.2,110.53333333333332,97.52916666666668,-32.2,RED,RED,RED
2026-05-15 15:00:00+00:00,Delhi,94.7,181.7,189.4,3,32.3,31.5,2.72,245,1015.8971461945122,0.658,haze,92.5,173.3,103.96666666666665,97.35833333333333,2.200000000000003,RED,RED,RED
2026-05-15 16:00:00+00:00,Delhi,95.9,193.4,191.9,3,30.9,38.4,4.68,200,1007.1581519515056,0.526,haze,94.7,181.7,94.36666666666667,97.48333333333333,1.2000000000000028,RED,RED,RED
2026-05-15 17:00:00+00:00,Delhi,87.7,183.4,175.4,3,30.3,47.0,1.43,38,1007.858206042113,0.654,haze,95.9,193.4,92.76666666666667,96.97083333333332,-8.200000000000003,RED,RED,RED
2026-05-15 18:00:00+00:00,Delhi,92.9,196.5,185.8,3,27.4,45.7,0.5,79,1013.837613854483,0.683,haze,87.7,183.4,92.16666666666667,97.24166666666666,5.200000000000003,RED,RED,RED
2026-05-15 19:00:00+00:00,Delhi,83.2,171.7,166.4,3,26.5,51.4,0.72,88,1009.3775402376854,0.646,haze,92.9,196.5,87.93333333333332,96.96666666666668,-9.700000000000003,RED,RED,RED
2026-05-15 20:00:00+00:00,Delhi,87.2,180.3,174.4,3,25.0,52.8,18.36,281,1006.3967799419299,0.165,haze,83.2,171.7,87.76666666666667,97.575,4.0,RED,RED,RED
2026-05-15 21:00:00+00:00,Delhi,120.3,250.2,240.7,3,22.5,56.9,8.86,214,1007.3601828721027,0.208,haze,87.2,180.3,96.89999999999998,99.85000000000001,33.099999999999994,RED,RED,RED
2026-05-15 22:00:00+00:00,Delhi,77.9,154.5,155.9,3,21.9,64.6,2.63,151,1009.0202028915757,0.493,clear sky,120.3,250.2,95.13333333333333,100.21666666666665,-42.39999999999999,RED,RED,RED
2026-05-15 23:00:00+00:00,Delhi,69.6,144.7,139.2,3,20.0,63.3,0.5,14,1005.3161780933415,0.604,clear sky,77.9,154.5,89.26666666666665,99.71250000000002,-8.300000000000011,RED,RED,RED
2026-05-16 00:00:00+00:00,Delhi,76.4,160.1,152.8,3,21.4,52.1,5.23,310,1010.1886282999075,0.406,clear sky,69.6,144.7,74.63333333333333,99.39999999999999,6.800000000000011,RED,RED,RED
2026-05-16 01:00:00+00:00,Delhi,120.3,225.5,240.6,3,20.3,61.4,0.5,301,1007.4842598867847,0.61,haze,76.4,160.1,88.76666666666665,101.3,43.89999999999999,RED,RED,RED
2026-05-16 02:00:00+00:00,Delhi,92.5,184.2,184.9,3,20.4,60.7,10.35,265,1008.9415858904104,0.137,haze,120.3,225.5,96.39999999999999,100.89999999999999,-27.799999999999997,RED,RED,RED
2026-05-16 03:00:00+00:00,Delhi,85.8,179.6,171.6,3,21.7,55.6,0.88,323,1007.5959817377523,0.611,haze,92.5,184.2,99.53333333333332,100.86250000000001,-6.700000000000003,RED,RED,RED
2026-05-16 04:00:00+00:00,Delhi,99.0,214.2,198.0,3,25.6,49.6,7.83,292,1007.1746280409587,0.289,haze,85.8,179.6,92.43333333333332,101.17083333333335,13.200000000000003,RED,RED,RED
2026-05-16 05:00:00+00:00,Delhi,107.4,213.3,214.7,3,25.7,45.5,11.82,58,1009.1472292385522,0.196,haze,99.0,214.2,97.39999999999998,101.675,8.400000000000006,RED,RED,RED
2026-05-16 06:00:00+00:00,Delhi,114.1,243.3,228.2,3,27.7,43.8,7.88,261,1007.6878507296011,0.323,haze,107.4,213.3,106.83333333333333,102.61666666666667,6.699999999999989,RED,RED,RED
2026-05-16 07:00:00+00:00,Delhi,114.0,228.7,227.9,3,31.3,43.0,0.75,177,1015.3615265224371,0.709,haze,114.1,243.3,111.83333333333333,102.33333333333333,-0.09999999999999432,RED,RED,RED
2026-05-16 08:00:00+00:00,Delhi,115.0,228.4,230.0,3,32.0,41.6,0.5,67,1010.0507572356032,0.732,haze,114.0,228.7,114.36666666666666,102.1375,1.0,RED,RED,RED
2026-05-16 09:00:00+00:00,Delhi,109.5,208.7,219.0,3,33.8,36.0,2.0,225,1011.2508289617164,0.69,haze,115.0,228.4,112.83333333333333,101.97500000000001,-5.5,RED,RED,RED
2026-05-16 10:00:00+00:00,Delhi,103.3,215.9,206.7,3,33.7,29.5,0.62,283,1007.9751657763499,0.781,haze,109.5,208.7,109.26666666666665,101.28750000000001,-6.200000000000003,RED,RED,RED
2026-05-16 11:00:00+00:00,Delhi,89.1,189.7,178.1,3,34.9,34.5,2.09,236,1004.604551573602,0.699,haze,103.3,215.9,100.63333333333333,98.64166666666667,-14.200000000000003,RED,RED,RED
2026-05-16 12:00:00+00:00,Delhi,116.3,220.7,232.5,3,37.7,29.2,1.02,44,1007.1940918248381,0.792,haze,89.1,189.7,102.89999999999998,98.72083333333335,27.200000000000003,RED,RED,RED
2026-05-16 13:00:00+00:00,Delhi,120.3,252.7,240.5,3,36.9,30.0,1.02,157,1008.4401410593,0.783,haze,116.3,220.7,108.56666666666665,98.53750000000001,4.0,RED,RED,RED
2026-05-16 14:00:00+00:00,Delhi,119.9,225.0,239.7,3,35.3,31.3,2.05,359,1006.2153291087913,0.715,haze,120.3,252.7,118.83333333333333,99.67916666666666,-0.3999999999999915,RED,RED,RED
2026-05-16 15:00:00+00:00,Delhi,108.1,228.3,216.2,3,32.3,35.2,1.95,223,1006.7958607280033,0.684,haze,119.9,225.0,116.09999999999998,100.23750000000001,-11.800000000000011,RED,RED,RED
2026-05-16 16:00:00+00:00,Delhi,93.5,196.6,187.1,3,33.1,35.8,3.68,323,1009.4753791661989,0.601,haze,108.1,228.3,107.16666666666664,100.1375,-14.599999999999994,RED,RED,RED
2026-05-16 17:00:00+00:00,Delhi,99.1,201.5,198.2,3,29.0,44.7,0.5,305,1003.4304392856487,0.699,haze,93.5,196.6,100.23333333333333,100.61250000000001,5.599999999999994,RED,RED,RED
2026-05-16 18:00:00+00:00,Delhi,101.2,197.6,202.3,3,27.3,48.4,0.73,25,1006.6290980292678,0.661,haze,99.1,201.5,97.93333333333332,100.95833333333333,2.1000000000000085,RED,RED,RED
2026-05-16 19:00:00+00:00,Delhi,79.3,145.9,158.5,3,24.7,49.1,4.37,74,1011.4977411461142,0.459,clear sky,101.2,197.6,93.19999999999999,100.79583333333333,-21.900000000000006,RED,RED,RED
2026-05-16 20:00:00+00:00,Delhi,85.3,186.0,170.6,3,25.3,51.8,7.19,356,1004.5591241137997,0.311,haze,79.3,145.9,88.59999999999998,100.71666666666665,6.0,RED,RED,RED
2026-05-16 21:00:00+00:00,Delhi,64.0,140.3,127.9,3,24.0,58.3,0.65,162,1007.380298494706,0.613,clear sky,85.3,186.0,76.19999999999999,98.37083333333332,-21.299999999999997,RED,RED,RED
2026-05-16 22:00:00+00:00,Delhi,73.3,157.2,146.5,3,20.8,59.5,0.51,144,1007.9132253474754,0.616,clear sky,64.0,140.3,74.19999999999999,98.17916666666667,9.299999999999997,RED,RED,RED
2026-05-16 23:00:00+00:00,Delhi,126.1,267.2,252.2,3,17.8,61.0,8.57,45,1007.2295690747429,0.208,haze,73.3,157.2,87.8,100.53333333333332,52.8,RED,RED,RED
2026-05-17 00:00:00+00:00,Delhi,88.1,178.3,176.2,3,21.5,58.3,2.64,116,1006.6068267701588,0.514,haze,126.1,267.2,95.83333333333331,101.02083333333333,-38.0,RED,RED,RED
2026-05-17 01:00:00+00:00,Delhi,66.6,123.9,133.3,3,22.2,65.4,1.26,94,1006.8448192144215,0.558,clear sky,88.1,178.3,93.59999999999998,98.78333333333332,-21.5,RED,RED,RED
2026-05-17 02:00:00+00:00,Delhi,89.9,196.1,179.8,3,22.3,58.8,3.46,40,1009.4073501293432,0.471,haze,66.6,123.9,81.53333333333332,98.675,23.30000000000001,RED,RED,RED
2026-05-17 03:00:00+00:00,Delhi,87.9,182.9,175.8,3,21.2,54.9,0.99,1,1008.0806575169836,0.608,haze,89.9,196.1,81.46666666666665,98.76249999999999,-2.0,RED,RED,RED
2026-05-17 04:00:00+00:00,Delhi,101.8,216.9,203.7,3,24.1,48.3,9.48,89,1004.678041459961,0.207,haze,87.9,182.9,93.2,98.87916666666666,13.899999999999991,RED,RED,RED
2026-05-17 05:00:00+00:00,Delhi,107.4,200.5,214.8,3,26.6,49.7,3.06,8,1005.6043640531815,0.534,haze,101.8,216.9,99.03333333333332,98.87916666666668,5.6000000000000085,RED,RED,RED
2026-05-17 06:00:00+00:00,Delhi,119.5,249.2,239.0,3,28.4,43.3,4.22,6,1011.2670299453544,0.513,haze,107.4,200.5,109.56666666666666,99.10416666666667,12.099999999999994,RED,RED,RED
2026-05-17 07:00:00+00:00,Delhi,115.0,243.2,230.1,3,32.0,39.4,0.5,13,1007.9276853655425,0.74,haze,119.5,249.2,113.96666666666665,99.14583333333333,-4.5,RED,RED,RED
2026-05-17 08:00:00+00:00,Delhi,108.4,204.7,216.9,3,31.5,39.1,2.69,306,1006.2788999881842,0.628,haze,115.0,243.2,114.3,98.87083333333332,-6.599999999999994,RED,RED,RED
2026-05-17 09:00:00+00:00,Delhi,105.7,211.2,211.4,3,34.9,33.9,0.62,206,1005.7211434768551,0.774,haze,108.4,204.7,109.69999999999999,98.71249999999999,-2.700000000000003,RED,RED,RED
2026-05-17 10:00:00+00:00,Delhi,115.3,241.0,230.5,3,33.3,30.6,1.06,19,1012.7219602898701,0.752,haze,105.7,211.2,109.8,99.21249999999999,9.599999999999994,RED,RED,RED
2026-05-17 11:00:00+00:00,Delhi,141.7,288.5,283.5,3,36.1,30.3,2.33,334,1006.8805044533605,0.711,haze,115.3,241.0,120.89999999999998,101.40416666666668,26.39999999999999,RED,RED,RED
2026-05-17 12:00:00+00:00,Delhi,113.6,231.4,227.2,3,36.9,34.4,3.3,354,1012.1402740624424,0.654,haze,141.7,288.5,123.53333333333332,101.29166666666667,-28.099999999999994,RED,RED,RED
2026-05-17 13:00:00+00:00,Delhi,107.9,221.6,215.8,3,37.1,31.2,1.33,40,1001.0259621825406,0.765,haze,113.6,231.4,121.06666666666665,100.77499999999999,-5.699999999999989,RED,RED,RED
2026-05-17 14:00:00+00:00,Delhi,111.7,224.0,223.3,3,34.6,35.5,0.5,344,1002.7808586636658,0.773,haze,107.9,221.6,111.06666666666666,100.43333333333334,3.799999999999997,RED,RED,RED
2026-05-17 15:00:00+00:00,Delhi,91.7,169.9,183.4,3,34.8,34.3,0.67,194,1009.4311224816694,0.77,haze,111.7,224.0,103.76666666666665,99.75,-20.0,RED,RED,RED
2026-05-17 16:00:00+00:00,Delhi,81.0,167.5,162.0,3,31.3,37.0,2.22,0,1004.5644677278939,0.657,haze,91.7,169.9,94.8,99.22916666666667,-10.700000000000003,RED,RED,RED
2026-05-17 17:00:00+00:00,Delhi,84.6,172.7,169.2,3,28.8,42.6,3.81,119,1001.5383622658653,0.539,haze,81.0,167.5,85.76666666666665,98.625,3.5999999999999943,RED,RED,RED
2026-05-17 18:00:00+00:00,Delhi,87.9,165.5,175.8,3,29.3,44.0,0.5,292,1006.3471556566037,0.703,haze,84.6,172.7,84.49999999999999,98.07083333333333,3.3000000000000114,RED,RED,RED
2026-05-17 19:00:00+00:00,Delhi,79.1,152.4,158.2,3,24.9,47.1,0.5,180,1008.0278752575928,0.66,clear sky,87.9,165.5,83.86666666666666,98.0625,-8.800000000000011,RED,RED,RED
2026-05-17 20:00:00+00:00,Delhi,132.1,254.9,264.2,3,23.8,52.7,0.73,177,1009.2003434239447,0.629,haze,79.1,152.4,99.69999999999999,100.0125,53.0,RED,RED,RED
2026-05-17 21:00:00+00:00,Delhi,77.2,143.1,154.4,3,20.3,53.4,0.52,263,1009.5162814398744,0.637,clear sky,132.1,254.9,96.13333333333333,100.5625,-54.89999999999999,RED,RED,RED
2026-05-17 22:00:00+00:00,Delhi,69.0,131.3,138.0,3,20.5,57.7,0.7,25,1007.919616960093,0.613,clear sky,77.2,143.1,92.76666666666665,100.38333333333333,-8.200000000000003,RED,RED,RED
2026-05-10 23:00:00+00:00,Mumbai,35.2,66.7,70.3,3,19.4,62.1,2.74,343,1006.7609700530559,0.496,clear sky,,,35.2,,,GREEN,GREEN,GREEN
2026-05-11 00:00:00+00:00,Mumbai,46.4,86.3,92.9,3,21.7,59.9,7.74,132,1007.1384344253077,0.253,clear sky,35.2,66.7,40.8,,11.199999999999996,GREEN,AMBER,AMBER
2026-05-11 01:00:00+00:00,Mumbai,34.5,63.2,69.0,3,18.9,60.1,8.89,28,1008.6144191362391,0.195,clear sky,46.4,86.3,38.699999999999996,38.699999999999996,-11.899999999999999,GREEN,GREEN,GREEN
2026-05-11 02:00:00+00:00,Mumbai,58.2,125.6,116.3,3,20.5,54.8,0.5,118,1005.3311472340193,0.633,clear sky,34.5,63.2,46.36666666666667,43.575,23.700000000000003,AMBER,RED,RED
2026-05-11 03:00:00+00:00,Mumbai,65.8,142.3,131.5,3,21.9,55.8,0.5,307,1010.6525454455854,0.63,clear sky,58.2,125.6,52.833333333333336,48.019999999999996,7.599999999999994,RED,RED,RED
2026-05-11 04:00:00+00:00,Mumbai,72.6,157.5,145.3,3,23.4,46.8,2.32,298,1008.9701946639896,0.57,clear sky,65.8,142.3,65.53333333333333,52.11666666666667,6.799999999999997,RED,RED,RED
2026-05-11 05:00:00+00:00,Mumbai,72.1,149.1,144.2,3,25.3,51.4,1.94,5,1012.6331190253449,0.575,clear sky,72.6,157.5,70.16666666666667,54.97142857142857,-0.5,RED,RED,RED
2026-05-11 06:00:00+00:00,Mumbai,69.6,143.6,139.2,3,27.4,42.6,1.29,212,1006.6723580252036,0.654,clear sky,72.1,149.1,71.43333333333332,56.8,-2.5,RED,RED,RED
2026-05-11 07:00:00+00:00,Mumbai,71.0,153.4,142.0,3,30.1,40.5,3.52,175,1009.346105820885,0.57,clear sky,69.6,143.6,70.89999999999999,58.37777777777777,1.4000000000000057,RED,RED,RED
2026-05-11 08:00:00+00:00,Mumbai,69.5,151.1,139.0,3,30.4,36.6,5.92,351,1009.8209465488833,0.466,clear sky,71.0,153.4,70.03333333333333,59.489999999999995,-1.5,RED,RED,RED
2026-05-11 09:00:00+00:00,Mumbai,74.8,137.3,149.7,3,34.0,40.7,1.88,79,1007.7896777841069,0.681,clear sky,69.5,151.1,71.76666666666667,60.881818181818176,5.299999999999997,RED,RED,RED
2026-05-11 10:00:00+00:00,Mumbai,94.0,187.7,188.1,3,33.9,31.7,3.49,188,1007.3288037566005,0.631,haze,74.8,137.3,79.43333333333334,63.64166666666666,19.200000000000003,RED,RED,RED
2026-05-11 11:00:00+00:00,Mumbai,112.6,215.4,225.2,3,37.0,31.5,1.54,137,1010.984699278197,0.753,haze,94.0,187.7,93.8,67.4076923076923,18.599999999999994,RED,RED,RED
2026-05-11 12:00:00+00:00,Mumbai,89.3,165.2,178.5,3,35.4,26.5,3.42,168,1009.7068184850126,0.664,haze,112.6,215.4,98.63333333333333,68.97142857142856,-23.299999999999997,RED,RED,RED
2026-05-11 13:00:00+00:00,Mumbai,89.5,181.8,179.1,3,35.4,35.6,9.51,9,1002.7363561557271,0.328,haze,89.3,165.2,97.13333333333333,70.33999999999999,0.20000000000000284,RED,RED,RED
2026-05-11 14:00:00+00:00,Mumbai,61.6,123.7,123.2,3,34.5,34.3,1.38,225,1006.3915688176361,0.732,clear sky,89.5,181.8,80.13333333333334,69.79375,-27.9,RED,RED,RED
2026-05-11 15:00:00+00:00,Mumbai,61.9,115.9,123.7,3,32.8,34.4,1.01,92,1005.6693223919564,0.738,clear sky,61.6,123.7,71.0,69.32941176470588,0.29999999999999716,RED,RED,RED
2026-05-11 16:00:00+00:00,Mumbai,53.8,117.5,107.6,3,31.4,37.3,3.72,110,1008.4033706711294,0.582,clear sky,61.9,115.9,59.1,68.46666666666665,-8.100000000000001,AMBER,RED,RED
2026-05-11 17:00:00+00:00,Mumbai,40.7,75.9,81.3,3,30.0,42.9,0.5,115,1007.4618223136061,0.712,clear sky,53.8,117.5,52.13333333333333,67.00526315789473,-13.099999999999994,GREEN,GREEN,GREEN
2026-05-11 18:00:00+00:00,Mumbai,33.2,63.1,66.5,3,28.8,40.8,0.5,149,1002.7131724174318,0.711,clear sky,40.7,75.9,42.56666666666667,65.315,-7.5,GREEN,GREEN,GREEN
2026-05-11 19:00:00+00:00,Mumbai,43.4,82.8,86.7,3,26.4,45.2,7.65,97,1007.3418203012592,0.32,clear sky,33.2,63.1,39.1,64.27142857142857,10.199999999999996,GREEN,GREEN,GREEN
2026-05-11 20:00:00+00:00,Mumbai,25.5,49.5,51.0,3,24.4,58.2,0.5,13,1008.0680826888948,0.621,clear sky,43.4,82.8,34.03333333333333,62.50909090909091,-17.9,GREEN,GREEN,GREEN
2026-05-11 21:00:00+00:00,Mumbai,82.6,171.0,165.1,3,22.6,57.7,0.83,136,1001.7229933064965,0.606,haze,25.5,49.5,50.5,63.38260869565217,57.099999999999994,RED,RED,RED
2026-05-11 22:00:00+00:00,Mumbai,32.5,65.8,65.0,3,22.3,54.9,0.5,78,1012.0895089922599,0.633,clear sky,82.6,171.0,46.86666666666665,62.09583333333333,-50.099999999999994,GREEN,GREEN,GREEN
2026-05-11 23:00:00+00:00,Mumbai,30.6,56.1,61.2,3,18.1,56.7,2.64,278,1006.0516020905199,0.52,clear sky,32.5,65.8,48.56666666666666,61.90416666666666,-1.8999999999999986,GREEN,GREEN,GREEN
2026-05-12 00:00:00+00:00,Mumbai,47.7,86.3,95.4,3,20.9,61.2,1.97,302,1001.2916759235895,0.537,clear sky,30.6,56.1,36.93333333333333,61.958333333333336,17.1,GREEN,AMBER,AMBER
2026-05-12 01:00:00+00:00,Mumbai,46.4,98.7,92.7,3,20.3,60.5,0.55,337,1011.5120877851563,0.611,clear sky,47.7,86.3,41.56666666666666,62.45416666666667,-1.3000000000000043,GREEN,AMBER,AMBER
2026-05-12 02:00:00+00:00,Mumbai,45.2,93.2,90.4,3,22.1,56.3,0.5,44,1010.0062195424192,0.628,clear sky,46.4,98.7,46.43333333333334,61.9125,-1.1999999999999957,GREEN,AMBER,AMBER
2026-05-12 03:00:00+00:00,Mumbai,44.7,93.0,89.4,3,22.4,54.3,1.38,179,1013.2516569029693,0.591,clear sky,45.2,93.2,45.43333333333333,61.03333333333333,-0.5,GREEN,AMBER,AMBER
2026-05-12 04:00:00+00:00,Mumbai,60.8,125.2,121.6,3,23.2,53.2,1.76,104,1003.189645641126,0.576,clear sky,44.7,93.0,50.23333333333333,60.541666666666664,16.099999999999994,RED,RED,RED
2026-05-12 05:00:00+00:00,Mumbai,73.8,158.7,147.7,3,25.9,45.1,0.5,81,1002.3030243693519,0.674,clear sky,60.8,125.2,59.76666666666666,60.612500000000004,13.0,RED,RED,RED
2026-05-12 06:00:00+00:00,Mumbai,61.4,119.0,122.8,3,29.8,43.2,6.46,77,1009.7873766343179,0.412,clear sky,73.8,158.7,65.33333333333333,60.27083333333332,-12.399999999999999,RED,RED,RED
2026-05-12 07:00:00+00:00,Mumbai,79.4,161.5,158.9,3,30.5,41.2,2.16,50,1012.5183647522257,0.639,clear sky,61.4,119.0,71.53333333333333,60.62083333333334,18.000000000000007,RED,RED,RED
2026-05-12 08:00:00+00:00,Mumbai,70.8,139.2,141.7,3,31.1,36.7,2.88,333,1011.8423240465058,0.623,clear sky,79.4,161.5,70.53333333333335,60.675000000000004,-8.600000000000009,RED,RED,RED
2026-05-12 09:00:00+00:00,Mumbai,74.9,145.3,149.8,3,33.8,28.3,0.5,311,1009.0109349943469,0.792,clear sky,70.8,139.2,75.03333333333335,60.67916666666667,4.1000000000000085,RED,RED,RED
2026-05-12 10:00:00+00:00,Mumbai,61.7,134.4,123.4,3,35.4,29.5,0.68,271,1004.7857063068941,0.791,clear sky,74.9,145.3,69.13333333333334,59.333333333333336,-13.200000000000003,RED,RED,RED
2026-05-12 11:00:00+00:00,Mumbai,85.3,155.8,170.6,3,36.7,30.5,4.1,191,1006.0140039052043,0.626,haze,61.7,134.4,73.96666666666668,58.19583333333333,23.599999999999994,RED,RED,RED
2026-05-12 12:00:00+00:00,Mumbai,68.7,128.2,137.4,3,35.9,31.9,0.69,55,1005.0880518321804,0.786,clear sky,85.3,155.8,71.89999999999999,57.337500000000006,-16.599999999999994,RED,RED,RED
2026-05-12 13:00:00+00:00,Mumbai,74.9,159.2,149.9,3,34.8,33.4,0.5,231,1010.2794895352918,0.782,clear sky,68.7,128.2,76.3,56.729166666666664,6.200000000000003,RED,RED,RED
2026-05-12 14:00:00+00:00,Mumbai,69.2,132.8,138.4,3,35.3,37.1,9.58,172,1000.8380416081505,0.319,clear sky,74.9,159.2,70.93333333333334,57.04583333333333,-5.700000000000003,RED,RED,RED
2026-05-12 15:00:00+00:00,Mumbai,61.8,133.0,123.6,3,32.0,31.8,2.42,42,1009.9021454244521,0.67,clear sky,69.2,132.8,68.63333333333334,57.041666666666664,-7.400000000000006,RED,RED,RED
2026-05-12 16:00:00+00:00,Mumbai,60.5,113.2,121.1,3,32.1,36.1,0.5,92,1008.8756166247374,0.751,clear sky,61.8,133.0,63.833333333333336,57.32083333333333,-1.2999999999999972,RED,RED,RED
2026-05-12 17:00:00+00:00,Mumbai,85.9,157.4,171.9,3,30.8,42.7,2.77,6,1005.2873965770108,0.606,haze,60.5,113.2,69.39999999999999,59.20416666666667,25.400000000000006,RED,RED,RED
2026-05-12 18:00:00+00:00,Mumbai,50.9,100.4,101.8,3,28.1,46.2,1.22,300,1005.0173334350811,0.651,clear sky,85.9,157.4,65.76666666666667,59.94166666666666,-35.00000000000001,GREEN,RED,RED
2026-05-12 19:00:00+00:00,Mumbai,39.4,76.9,78.7,3,26.6,49.6,6.04,93,1006.365287839274,0.386,clear sky,50.9,100.4,58.73333333333334,59.775,-11.5,GREEN,GREEN,GREEN
2026-05-12 20:00:00+00:00,Mumbai,32.6,66.1,65.2,3,25.5,53.3,2.95,121,1009.3697982065717,0.519,clear sky,39.4,76.9,40.96666666666667,60.070833333333326,-6.799999999999997,GREEN,GREEN,GREEN
2026-05-12 21:00:00+00:00,Mumbai,46.7,94.8,93.5,3,21.9,55.9,0.5,316,1006.7157722105372,0.629,clear sky,32.6,66.1,39.56666666666666,58.574999999999996,14.100000000000001,GREEN,AMBER,AMBER
2026-05-12 22:00:00+00:00,Mumbai,38.6,69.5,77.2,3,21.2,61.3,3.57,123,1010.1713054647951,0.457,clear sky,46.7,94.8,39.300000000000004,58.82916666666667,-8.100000000000001,GREEN,GREEN,GREEN
2026-05-12 23:00:00+00:00,Mumbai,25.0,48.4,50.0,3,19.1,59.0,3.7,187,1008.3838399367397,0.459,clear sky,38.6,69.5,36.76666666666667,58.59583333333334,-13.600000000000001,GREEN,GREEN,GREEN
2026-05-13 00:00:00+00:00,Mumbai,47.8,102.2,95.6,3,18.8,59.6,0.62,230,1001.7642549255764,0.61,clear sky,25.0,48.4,37.13333333333333,58.6,22.799999999999997,GREEN,RED,RED
2026-05-13 01:00:00+00:00,Mumbai,28.6,54.4,57.1,3,19.8,60.8,4.3,236,1006.230666395876,0.422,clear sky,47.8,102.2,33.800000000000004,57.85833333333333,-19.199999999999996,GREEN,GREEN,GREEN
2026-05-13 02:00:00+00:00,Mumbai,42.8,86.7,85.7,3,18.5,61.9,0.5,107,1008.073665595583,0.608,clear sky,28.6,54.4,39.733333333333334,57.758333333333326,14.199999999999996,GREEN,AMBER,AMBER
2026-05-13 03:00:00+00:00,Mumbai,47.2,92.8,94.5,3,23.3,59.0,0.7,26,1006.9661898076654,0.609,clear sky,42.8,86.7,39.53333333333334,57.862500000000004,4.400000000000006,GREEN,AMBER,AMBER
2026-05-13 04:00:00+00:00,Mumbai,61.1,130.3,122.1,3,25.4,54.2,8.71,175,1010.4877251356231,0.228,clear sky,47.2,92.8,50.36666666666667,57.875,13.899999999999999,RED,RED,RED
2026-05-13 05:00:00+00:00,Mumbai,59.5,121.4,119.0,3,24.5,47.2,2.04,354,1010.0663878543576,0.583,clear sky,61.1,130.3,55.93333333333334,57.27916666666667,-1.6000000000000014,AMBER,RED,RED
2026-05-13 06:00:00+00:00,Mumbai,59.7,121.1,119.4,3,29.0,49.1,0.5,210,1002.3346142386499,0.683,clear sky,59.5,121.4,60.1,57.208333333333336,0.20000000000000284,AMBER,RED,RED
2026-05-13 07:00:00+00:00,Mumbai,73.1,152.3,146.3,3,28.0,41.6,2.43,241,1006.0054310455531,0.606,clear sky,59.7,121.1,64.10000000000001,56.94583333333333,13.399999999999991,RED,RED,RED
2026-05-13 08:00:00+00:00,Mumbai,67.6,134.6,135.2,3,33.5,37.8,3.81,304,1006.0891016815413,0.59,clear sky,73.1,152.3,66.8,56.8125,-5.5,RED,RED,RED
2026-05-13 09:00:00+00:00,Mumbai,101.1,201.1,202.2,3,33.7,33.0,1.47,304,1010.0412649994053,0.726,haze,67.6,134.6,80.6,57.90416666666667,33.5,RED,RED,RED
2026-05-13 10:00:00+00:00,Mumbai,74.5,146.1,149.0,3,35.9,33.0,1.44,308,1008.0384911627989,0.744,clear sky,101.1,201.1,81.06666666666666,58.4375,-26.599999999999994,RED,RED,RED
2026-05-13 11:00:00+00:00,Mumbai,89.0,191.0,178.0,3,35.1,27.9,8.89,201,1007.2671120707694,0.384,haze,74.5,146.1,88.2,58.59166666666667,14.5,RED,RED,RED
2026-05-13 12:00:00+00:00,Mumbai,81.6,165.7,163.2,3,38.3,26.5,2.75,121,1009.6212099748731,0.719,haze,89.0,191.0,81.7,59.12916666666666,-7.400000000000006,RED,RED,RED
2026-05-13 13:00:00+00:00,Mumbai,81.0,162.3,162.0,3,33.7,27.2,5.84,224,1007.6782087625224,0.528,haze,81.6,165.7,83.86666666666666,59.38333333333333,-0.5999999999999943,RED,RED,RED
2026-05-13 14:00:00+00:00,Mumbai,62.8,113.2,125.5,3,32.6,29.3,0.5,38,1006.9953809953773,0.78,clear sky,81.0,162.3,75.13333333333333,59.11666666666667,-18.200000000000003,RED,RED,RED
2026-05-13 15:00:00+00:00,Mumbai,49.3,101.5,98.6,3,33.3,42.3,0.5,24,1006.114512554094,0.739,clear sky,62.8,113.2,64.36666666666666,58.59583333333333,-13.5,GREEN,RED,RED
2026-05-13 16:00:00+00:00,Mumbai,56.8,107.5,113.6,3,30.7,37.5,3.73,246,1004.9469083077071,0.575,clear sky,49.3,101.5,56.29999999999999,58.44166666666667,7.5,AMBER,RED,RED
2026-05-13 17:00:00+00:00,Mumbai,56.2,115.2,112.3,3,29.5,37.6,7.93,39,1009.9117170613049,0.356,clear sky,56.8,107.5,54.1,57.20416666666666,-0.5999999999999943,AMBER,RED,RED
2026-05-13 18:00:00+00:00,Mumbai,43.9,88.9,87.9,3,27.6,45.5,6.52,351,1009.2854856581364,0.384,clear sky,56.2,115.2,52.300000000000004,56.9125,-12.300000000000004,GREEN,AMBER,AMBER
2026-05-13 19:00:00+00:00,Mumbai,42.7,92.7,85.4,3,24.9,44.9,6.08,169,1004.2013931395454,0.389,clear sky,43.9,88.9,47.6,57.050000000000004,-1.1999999999999957,GREEN,AMBER,AMBER
2026-05-13 20:00:00+00:00,Mumbai,27.3,58.8,54.6,3,25.0,50.7,0.5,304,1008.8624869192602,0.648,clear sky,42.7,92.7,37.96666666666667,56.82916666666667,-15.400000000000002,GREEN,GREEN,GREEN
2026-05-13 21:00:00+00:00,Mumbai,35.1,70.0,70.2,3,21.5,61.3,1.31,315,1003.8633159821186,0.57,clear sky,27.3,58.8,35.03333333333333,56.34583333333333,7.800000000000001,GREEN,GREEN,GREEN
2026-05-13 22:00:00+00:00,Mumbai,35.3,68.1,70.6,3,20.5,58.5,2.91,41,1006.3860720852764,0.5,clear sky,35.1,70.0,32.56666666666666,56.208333333333336,0.19999999999999574,GREEN,GREEN,GREEN
2026-05-13 23:00:00+00:00,Mumbai,26.1,48.6,52.2,3,19.9,57.3,0.5,67,1008.9751702064104,0.624,clear sky,35.3,68.1,32.166666666666664,56.25416666666666,-9.199999999999996,GREEN,GREEN,GREEN
2026-05-14 00:00:00+00:00,Mumbai,51.3,97.0,102.6,3,21.6,59.4,1.93,299,1006.7008976001161,0.545,clear sky,26.1,48.6,37.56666666666666,56.4,25.199999999999996,AMBER,AMBER,AMBER
2026-05-14 01:00:00+00:00,Mumbai,27.1,54.0,54.1,3,20.5,54.1,10.56,347,1005.3942050006339,0.161,clear sky,51.3,97.0,34.833333333333336,56.337500000000006,-24.199999999999996,GREEN,GREEN,GREEN
2026-05-14 02:00:00+00:00,Mumbai,44.1,87.0,88.2,3,21.6,65.1,1.2,334,1008.6080953638793,0.562,clear sky,27.1,54.0,40.833333333333336,56.39166666666667,17.0,GREEN,AMBER,AMBER
2026-05-14 03:00:00+00:00,Mumbai,46.6,84.9,93.1,3,21.9,55.6,2.63,70,1003.1065366472328,0.524,clear sky,44.1,87.0,39.26666666666666,56.36666666666667,2.5,GREEN,GREEN,GREEN
2026-05-14 04:00:00+00:00,Mumbai,40.8,77.8,81.5,3,22.8,57.8,0.5,51,1006.9206162300827,0.623,clear sky,46.6,84.9,43.833333333333336,55.520833333333336,-5.800000000000004,GREEN,GREEN,GREEN
2026-05-14 05:00:00+00:00,Mumbai,62.5,135.2,125.0,3,25.9,49.3,0.5,18,1010.0609352657684,0.659,clear sky,40.8,77.8,49.96666666666667,55.645833333333336,21.700000000000003,RED,RED,RED
2026-05-14 06:00:00+00:00,Mumbai,58.2,122.6,116.4,3,28.7,49.2,0.7,331,1005.1340033551704,0.671,clear sky,62.5,135.2,53.833333333333336,55.583333333333336,-4.299999999999997,AMBER,RED,RED
2026-05-14 07:00:00+00:00,Mumbai,55.7,116.7,111.4,3,28.1,37.3,1.16,146,1009.5094149374162,0.685,clear sky,58.2,122.6,58.800000000000004,54.85833333333333,-2.5,AMBER,RED,RED
2026-05-14 08:00:00+00:00,Mumbai,71.1,146.8,142.1,3,31.9,34.5,0.77,5,1007.0099128366113,0.743,clear sky,55.7,116.7,61.666666666666664,55.00416666666667,15.399999999999991,RED,RED,RED
2026-05-14 09:00:00+00:00,Mumbai,81.1,176.7,162.1,3,33.4,36.1,0.5,186,1000.5154114651903,0.761,haze,71.1,146.8,69.3,54.17083333333333,10.0,RED,RED,RED
2026-05-14 10:00:00+00:00,Mumbai,88.4,189.4,176.8,3,35.4,35.5,5.3,171,1010.5827686246357,0.539,haze,81.1,176.7,80.2,54.75,7.300000000000011,RED,RED,RED
2026-05-14 11:00:00+00:00,Mumbai,75.9,146.0,151.7,3,35.3,29.8,0.5,82,1002.4960200955969,0.798,clear sky,88.4,189.4,81.8,54.20416666666666,-12.5,RED,RED,RED
2026-05-14 12:00:00+00:00,Mumbai,83.9,165.2,167.8,3,37.6,30.5,1.24,200,1009.4746817915111,0.776,haze,75.9,146.0,82.73333333333335,54.300000000000004,8.0,RED,RED,RED
2026-05-14 13:00:00+00:00,Mumbai,55.8,115.8,111.5,3,34.6,32.4,2.14,355,1006.4966033727641,0.702,clear sky,83.9,165.2,71.86666666666666,53.25,-28.10000000000001,AMBER,RED,RED
2026-05-14 14:00:00+00:00,Mumbai,78.1,151.1,156.1,3,35.0,34.0,0.5,229,1004.1682957301052,0.781,clear sky,55.8,115.8,72.6,53.887499999999996,22.299999999999997,RED,RED,RED
2026-05-14 15:00:00+00:00,Mumbai,66.2,141.3,132.5,3,33.1,31.4,2.75,321,1006.4473911636179,0.663,clear sky,78.1,151.1,66.69999999999999,54.59166666666667,-11.899999999999991,RED,RED,RED
2026-05-14 16:00:00+00:00,Mumbai,59.6,115.0,119.2,3,32.3,33.4,0.5,174,1006.4018038367269,0.763,clear sky,66.2,141.3,67.96666666666667,54.708333333333336,-6.600000000000001,AMBER,RED,RED
2026-05-14 17:00:00+00:00,Mumbai,46.6,94.2,93.2,3,31.1,36.1,1.38,340,1006.076737677801,0.7,clear sky,59.6,115.0,57.46666666666667,54.30833333333334,-13.0,GREEN,AMBER,AMBER
2026-05-14 18:00:00+00:00,Mumbai,96.1,204.5,192.1,3,29.3,42.6,2.53,211,1011.2767577811738,0.606,haze,46.6,94.2,67.43333333333334,56.48333333333333,49.49999999999999,RED,RED,RED
2026-05-14 19:00:00+00:00,Mumbai,35.7,71.3,71.3,3,26.1,44.5,6.14,11,1004.9249916922716,0.396,clear sky,96.1,204.5,59.46666666666667,56.19166666666666,-60.39999999999999,GREEN,GREEN,GREEN
2026-05-14 20:00:00+00:00,Mumbai,51.0,106.2,101.9,3,22.8,55.5,3.91,210,1007.3597536128781,0.46,clear sky,35.7,71.3,60.93333333333334,57.17916666666667,15.299999999999997,AMBER,RED,RED
2026-05-14 21:00:00+00:00,Mumbai,71.4,135.3,142.9,3,21.6,53.6,7.33,129,1006.7405181497784,0.296,clear sky,51.0,106.2,52.70000000000001,58.69166666666667,20.400000000000006,RED,RED,RED
2026-05-14 22:00:00+00:00,Mumbai,26.9,55.9,53.7,3,22.1,61.0,5.96,344,1005.201948973304,0.338,clear sky,71.4,135.3,49.76666666666667,58.34166666666666,-44.50000000000001,GREEN,GREEN,GREEN
2026-05-14 23:00:00+00:00,Mumbai,34.4,75.6,68.8,3,21.2,59.0,0.52,306,1005.2037481328621,0.617,clear sky,26.9,55.9,44.23333333333333,58.6875,7.5,GREEN,GREEN,GREEN
2026-05-15 00:00:00+00:00,Mumbai,21.3,43.5,42.7,3,21.6,59.2,2.13,250,1002.3015123162786,0.536,clear sky,34.4,75.6,27.53333333333333,57.4375,-13.099999999999998,GREEN,GREEN,GREEN
2026-05-15 01:00:00+00:00,Mumbai,44.9,95.3,89.8,3,18.5,61.1,8.21,184,1008.2604322353632,0.226,clear sky,21.3,43.5,33.53333333333333,58.17916666666667,23.599999999999998,GREEN,AMBER,AMBER
2026-05-15 02:00:00+00:00,Mumbai,46.2,92.5,92.4,3,20.5,57.1,0.56,275,1005.8716946212835,0.622,clear sky,44.9,95.3,37.46666666666667,58.26666666666667,1.3000000000000043,GREEN,AMBER,AMBER
2026-05-15 03:00:00+00:00,Mumbai,34.3,75.2,68.7,3,20.7,54.5,0.55,235,1010.2957586562933,0.632,clear sky,46.2,92.5,41.800000000000004,57.75416666666667,-11.900000000000006,GREEN,GREEN,GREEN
2026-05-15 04:00:00+00:00,Mumbai,57.8,121.1,115.6,3,24.0,50.0,7.41,149,1006.6205407630304,0.305,clear sky,34.3,75.2,46.1,58.4625,23.5,AMBER,RED,RED
2026-05-15 05:00:00+00:00,Mumbai,53.1,96.3,106.2,3,26.3,48.4,3.27,41,1009.8378756965229,0.527,clear sky,57.8,121.1,48.4,58.070833333333326,-4.699999999999996,AMBER,AMBER,AMBER
2026-05-15 06:00:00+00:00,Mumbai,59.9,126.3,119.8,3,27.6,44.4,8.44,90,1011.9279344971734,0.292,clear sky,53.1,96.3,56.93333333333334,58.14166666666667,6.799999999999997,AMBER,RED,RED
2026-05-15 07:00:00+00:00,Mumbai,57.2,107.8,114.3,3,29.4,39.1,0.54,258,1008.1567996614523,0.719,clear sky,59.9,126.3,56.73333333333334,58.20416666666667,-2.6999999999999957,AMBER,RED,RED
2026-05-15 08:00:00+00:00,Mumbai,79.7,170.3,159.5,3,33.1,40.1,1.49,121,1006.0693667865918,0.696,clear sky,57.2,107.8,65.60000000000001,58.5625,22.5,RED,RED,RED
2026-05-15 09:00:00+00:00,Mumbai,77.2,166.4,154.4,3,32.4,36.1,1.34,266,1010.8303583502375,0.712,clear sky,79.7,170.3,71.36666666666667,58.4,-2.5,RED,RED,RED
2026-05-15 10:00:00+00:00,Mumbai,92.7,182.4,185.4,3,33.9,34.7,1.35,164,1009.3485000521589,0.728,haze,77.2,166.4,83.2,58.57916666666666,15.5,RED,RED,RED
2026-05-15 11:00:00+00:00,Mumbai,74.8,139.3,149.6,3,35.9,33.8,1.09,261,1006.1744158358284,0.759,clear sky,92.7,182.4,81.56666666666666,58.53333333333333,-17.900000000000006,RED,RED,RED
2026-05-15 12:00:00+00:00,Mumbai,67.8,138.8,135.7,3,37.2,29.7,2.8,135,1013.0322342085157,0.698,clear sky,74.8,139.3,78.43333333333334,57.862500000000004,-7.0,RED,RED,RED
2026-05-15 13:00:00+00:00,Mumbai,76.8,145.4,153.6,3,34.6,27.7,0.54,32,1007.3479252577721,0.798,clear sky,67.8,138.8,73.13333333333333,58.737500000000004,9.0,RED,RED,RED
2026-05-15 14:00:00+00:00,Mumbai,65.1,141.0,130.1,3,36.0,32.2,5.41,331,1006.6234791259845,0.549,clear sky,76.8,145.4,69.89999999999999,58.19583333333333,-11.700000000000003,RED,RED,RED
2026-05-15 15:00:00+00:00,Mumbai,75.2,153.3,150.5,3,32.3,27.8,4.58,160,1003.142978164153,0.578,clear sky,65.1,141.0,72.36666666666666,58.57083333333333,10.100000000000009,RED,RED,RED
2026-05-15 16:00:00+00:00,Mumbai,58.9,114.3,117.9,3,32.5,31.7,4.66,280,1008.6279785790092,0.562,clear sky,75.2,153.3,66.4,58.541666666666664,-16.300000000000004,AMBER,RED,RED
2026-05-15 17:00:00+00:00,Mumbai,47.2,100.9,94.5,3,29.7,42.6,2.82,218,1006.6100533727671,0.595,clear sky,58.9,114.3,60.43333333333334,58.56666666666666,-11.699999999999996,GREEN,RED,RED
2026-05-15 18:00:00+00:00,Mumbai,46.4,89.4,92.7,3,30.2,46.2,0.5,228,1000.8862208035898,0.703,clear sky,47.2,100.9,50.833333333333336,56.49583333333334,-0.8000000000000043,GREEN,AMBER,AMBER
2026-05-15 19:00:00+00:00,Mumbai,84.3,160.3,168.6,3,26.3,51.5,4.42,333,1009.6461854324774,0.459,haze,46.4,89.4,59.29999999999999,58.520833333333336,37.9,RED,RED,RED
2026-05-15 20:00:00+00:00,Mumbai,33.4,60.4,66.9,3,24.0,57.2,0.98,229,1011.26801281406,0.6,clear sky,84.3,160.3,54.699999999999996,57.7875,-50.9,GREEN,GREEN,GREEN
2026-05-15 21:00:00+00:00,Mumbai,35.9,77.5,71.8,3,22.6,51.7,0.5,290,1007.7617055624288,0.644,clear sky,33.4,60.4,51.199999999999996,56.30833333333333,2.5,GREEN,GREEN,GREEN
2026-05-15 22:00:00+00:00,Mumbai,34.9,67.6,69.7,3,19.8,63.4,2.61,270,1004.8682763058887,0.497,clear sky,35.9,77.5,34.73333333333333,56.64166666666667,-1.0,GREEN,GREEN,GREEN
2026-05-15 23:00:00+00:00,Mumbai,21.1,40.0,42.1,3,19.5,59.8,0.58,15,1009.6387829364321,0.612,clear sky,34.9,67.6,30.63333333333333,56.0875,-13.799999999999997,GREEN,GREEN,GREEN
2026-05-16 00:00:00+00:00,Mumbai,24.4,52.0,48.8,3,20.1,63.0,3.51,22,1009.7648961429592,0.454,clear sky,21.1,40.0,26.8,56.21666666666667,3.299999999999997,GREEN,GREEN,GREEN
2026-05-16 01:00:00+00:00,Mumbai,36.6,77.9,73.3,3,19.9,56.9,1.05,120,1006.5299199250607,0.598,clear sky,24.4,52.0,27.366666666666664,55.87083333333333,12.200000000000003,GREEN,GREEN,GREEN
2026-05-16 02:00:00+00:00,Mumbai,43.6,87.1,87.2,3,22.5,56.0,6.28,194,1005.622206220312,0.34,clear sky,36.6,77.9,34.86666666666667,55.762499999999996,7.0,GREEN,AMBER,AMBER
2026-05-16 03:00:00+00:00,Mumbai,54.9,105.0,109.8,3,23.2,52.2,0.5,142,1005.7246893212623,0.642,clear sky,43.6,87.1,45.03333333333333,56.62083333333333,11.299999999999997,AMBER,RED,RED
2026-05-16 04:00:00+00:00,Mumbai,63.8,124.9,127.7,3,22.4,48.1,1.1,41,1007.0898316133586,0.627,clear sky,54.9,105.0,54.1,56.87083333333334,8.899999999999999,RED,RED,RED
2026-05-16 05:00:00+00:00,Mumbai,51.3,110.6,102.7,3,25.6,51.4,0.5,215,1011.4637273265581,0.65,clear sky,63.8,124.9,56.666666666666664,56.79583333333334,-12.5,AMBER,RED,RED
2026-05-16 06:00:00+00:00,Mumbai,81.0,158.1,162.0,3,28.4,42.5,1.69,76,1011.2115360158372,0.642,haze,51.3,110.6,65.36666666666666,57.675000000000004,29.700000000000003,RED,RED,RED
2026-05-16 07:00:00+00:00,Mumbai,65.3,133.1,130.6,3,30.8,40.0,1.05,311,1009.9484147032078,0.701,clear sky,81.0,158.1,65.86666666666667,58.012499999999996,-15.700000000000003,RED,RED,RED
2026-05-16 08:00:00+00:00,Mumbai,64.9,123.8,129.9,3,31.9,42.6,1.61,141,1010.2303658022826,0.673,clear sky,65.3,133.1,70.39999999999999,57.395833333333336,-0.3999999999999915,RED,RED,RED
2026-05-16 09:00:00+00:00,Mumbai,78.7,169.8,157.4,3,33.5,34.7,0.55,24,1008.6691219155342,0.765,clear sky,64.9,123.8,69.63333333333334,57.458333333333336,13.799999999999997,RED,RED,RED
2026-05-16 10:00:00+00:00,Mumbai,90.3,170.1,180.7,3,34.5,38.7,3.97,28,1011.8847343585918,0.588,haze,78.7,169.8,77.96666666666668,57.35833333333334,11.599999999999994,RED,RED,RED
2026-05-16 11:00:00+00:00,Mumbai,123.1,232.4,246.2,3,35.9,28.9,2.88,235,1002.0111163304493,0.687,haze,90.3,170.1,97.36666666666666,59.37083333333334,32.8,RED,RED,RED
2026-05-16 12:00:00+00:00,Mumbai,90.7,184.1,181.4,3,37.8,28.0,1.92,130,1010.2682038284562,0.752,haze,123.1,232.4,101.36666666666667,60.324999999999996,-32.39999999999999,RED,RED,RED
2026-05-16 13:00:00+00:00,Mumbai,60.3,116.5,120.6,3,36.5,31.1,2.66,319,1004.1984349941368,0.694,clear sky,90.7,184.1,91.36666666666666,59.637499999999996,-30.400000000000006,RED,RED,RED
2026-05-16 14:00:00+00:00,Mumbai,65.3,142.7,130.5,3,34.5,34.0,1.3,251,1005.0708768328991,0.737,clear sky,60.3,116.5,72.10000000000001,59.645833333333336,5.0,RED,RED,RED
2026-05-16 15:00:00+00:00,Mumbai,62.1,112.3,124.1,3,33.1,36.4,1.43,162,1006.4711226540451,0.712,clear sky,65.3,142.7,62.56666666666666,59.1,-3.1999999999999957,RED,RED,RED
2026-05-16 16:00:00+00:00,Mumbai,54.8,106.4,109.6,3,31.7,36.5,0.5,223,1011.7076686671741,0.747,clear sky,62.1,112.3,60.73333333333333,58.92916666666667,-7.300000000000004,AMBER,RED,RED
2026-05-16 17:00:00+00:00,Mumbai,66.1,123.2,132.2,3,29.0,40.7,2.36,222,1011.0596379555584,0.62,clear sky,54.8,106.4,61.0,59.71666666666667,11.299999999999997,RED,RED,RED
2026-05-16 18:00:00+00:00,Mumbai,57.3,117.4,114.6,3,27.7,42.2,1.21,83,1014.5740609067935,0.662,clear sky,66.1,123.2,59.4,60.17083333333333,-8.799999999999997,AMBER,RED,RED
2026-05-16 19:00:00+00:00,Mumbai,36.4,74.5,72.8,3,25.6,46.1,3.06,87,1007.9981930293828,0.541,clear sky,57.3,117.4,53.26666666666666,58.175000000000004,-20.9,GREEN,GREEN,GREEN
2026-05-16 20:00:00+00:00,Mumbai,32.0,67.3,63.9,3,25.7,54.4,1.1,156,1002.1802070051114,0.61,clear sky,36.4,74.5,41.9,58.11666666666667,-4.399999999999999,GREEN,GREEN,GREEN
2026-05-16 21:00:00+00:00,Mumbai,33.9,66.5,67.8,3,21.8,52.9,2.88,216,1007.8075447118792,0.521,clear sky,32.0,67.3,34.099999999999994,58.03333333333334,1.8999999999999986,GREEN,GREEN,GREEN
2026-05-16 22:00:00+00:00,Mumbai,37.1,76.5,74.1,3,21.6,58.8,1.11,151,1008.9107792056457,0.589,clear sky,33.9,66.5,34.33333333333332,58.125,3.200000000000003,GREEN,GREEN,GREEN
2026-05-16 23:00:00+00:00,Mumbai,28.6,60.5,57.3,3,20.8,61.6,0.5,210,1009.3237160737468,0.609,clear sky,37.1,76.5,33.199999999999996,58.4375,-8.5,GREEN,GREEN,GREEN
2026-05-17 00:00:00+00:00,Mumbai,23.3,50.4,46.6,3,19.8,63.0,2.46,90,1009.9097160192114,0.507,clear sky,28.6,60.5,29.66666666666666,58.39166666666667,-5.300000000000001,GREEN,GREEN,GREEN
2026-05-17 01:00:00+00:00,Mumbai,37.1,71.0,74.1,3,18.4,57.8,0.5,117,1006.9572963909828,0.623,clear sky,23.3,50.4,29.666666666666668,58.4125,13.8,GREEN,GREEN,GREEN
2026-05-17 02:00:00+00:00,Mumbai,42.9,85.9,85.8,3,19.7,55.7,0.5,27,1009.8070487521187,0.63,clear sky,37.1,71.0,34.43333333333333,58.38333333333333,5.799999999999997,GREEN,AMBER,AMBER
2026-05-17 03:00:00+00:00,Mumbai,52.4,99.3,104.8,3,24.9,57.1,2.64,274,1009.1272546677279,0.518,clear sky,42.9,85.9,44.133333333333326,58.27916666666667,9.5,AMBER,AMBER,AMBER
2026-05-17 04:00:00+00:00,Mumbai,56.4,120.1,112.9,3,23.8,54.8,1.67,31,1008.8412056228314,0.575,clear sky,52.4,99.3,50.56666666666666,57.97083333333333,4.0,AMBER,RED,RED
2026-05-17 05:00:00+00:00,Mumbai,63.5,115.9,127.1,3,25.7,51.2,1.1,126,1010.5781326299702,0.621,clear sky,56.4,120.1,57.43333333333333,58.479166666666664,7.100000000000001,RED,RED,RED
2026-05-17 06:00:00+00:00,Mumbai,72.3,145.6,144.6,3,28.1,48.0,0.5,215,1004.8691787192327,0.68,clear sky,63.5,115.9,64.06666666666666,58.11666666666667,8.799999999999997,RED,RED,RED
2026-05-17 07:00:00+00:00,Mumbai,73.5,161.6,147.1,3,30.5,42.9,1.64,329,1005.7132721648445,0.659,clear sky,72.3,145.6,69.76666666666665,58.458333333333336,1.2000000000000028,RED,RED,RED
2026-05-17 08:00:00+00:00,Mumbai,73.5,134.7,147.0,3,32.9,34.4,8.07,246,1011.3183037558853,0.385,clear sky,73.5,161.6,73.09999999999998,58.81666666666666,0.0,RED,RED,RED
2026-05-17 09:00:00+00:00,Mumbai,73.8,142.9,147.5,3,33.2,33.8,2.08,272,1001.9929029156183,0.689,clear sky,73.5,134.7,73.6,58.612500000000004,0.29999999999999716,RED,RED,RED
2026-05-17 10:00:00+00:00,Mumbai,80.9,159.7,161.8,3,35.1,31.0,7.25,219,1009.183827635376,0.455,haze,73.8,142.9,76.06666666666666,58.22083333333333,7.1000000000000085,RED,RED,RED
2026-05-17 11:00:00+00:00,Mumbai,77.1,151.9,154.2,3,35.0,35.6,7.43,142,1007.8544890979688,0.429,clear sky,80.9,159.7,77.26666666666667,56.30416666666667,-3.8000000000000114,RED,RED,RED
2026-05-17 12:00:00+00:00,Mumbai,82.8,171.7,165.5,3,36.6,30.5,1.28,249,1004.2017871621733,0.766,haze,77.1,151.9,80.26666666666667,55.974999999999994,5.700000000000003,RED,RED,RED
2026-05-17 13:00:00+00:00,Mumbai,73.3,132.3,146.6,3,36.2,29.8,1.49,182,1016.673100127052,0.755,clear sky,82.8,171.7,77.73333333333332,56.51666666666666,-9.5,RED,RED,RED
2026-05-17 14:00:00+00:00,Mumbai,82.4,161.1,164.7,3,35.0,38.0,2.01,258,1005.0136662762421,0.692,haze,73.3,132.3,79.49999999999999,57.229166666666664,9.100000000000009,RED,RED,RED
2026-05-17 15:00:00+00:00,Mumbai,50.7,108.6,101.4,3,33.6,40.3,1.54,193,1008.8325896642347,0.696,clear sky,82.4,161.1,68.8,56.75416666666666,-31.700000000000003,GREEN,RED,RED
2026-05-17 16:00:00+00:00,Mumbai,54.0,114.1,108.0,3,32.7,33.2,11.06,95,1008.5382007522691,0.291,clear sky,50.7,108.6,62.36666666666665,56.72083333333333,3.299999999999997,AMBER,RED,RED
2026-05-17 17:00:00+00:00,Mumbai,44.7,86.8,89.3,3,31.3,41.3,0.95,336,1004.9856452499434,0.705,clear sky,54.0,114.1,49.79999999999999,55.82916666666667,-9.299999999999997,GREEN,AMBER,AMBER
2026-05-17 18:00:00+00:00,Mumbai,33.6,64.5,67.2,3,28.0,44.8,6.68,1,1010.6971595042365,0.382,clear sky,44.7,86.8,44.099999999999994,54.84166666666667,-11.100000000000001,GREEN,GREEN,GREEN
2026-05-17 19:00:00+00:00,Mumbai,38.3,72.1,76.6,3,26.6,44.1,8.6,22,1009.8779481046279,0.277,clear sky,33.6,64.5,38.86666666666667,54.92083333333333,4.699999999999996,GREEN,GREEN,GREEN
2026-05-17 20:00:00+00:00,Mumbai,31.6,62.8,63.2,3,24.5,51.2,0.77,305,1007.616628951475,0.632,clear sky,38.3,72.1,34.49999999999999,54.90416666666667,-6.699999999999996,GREEN,GREEN,GREEN
2026-05-17 21:00:00+00:00,Mumbai,30.7,56.1,61.4,3,24.0,53.9,0.83,98,1009.5780375703232,0.62,clear sky,31.6,62.8,33.533333333333324,54.770833333333336,-0.9000000000000021,GREEN,GREEN,GREEN
2026-05-17 22:00:00+00:00,Mumbai,33.1,67.7,66.2,3,22.1,59.3,6.37,84,1005.7445580495557,0.324,clear sky,30.7,56.1,31.799999999999994,54.604166666666664,2.400000000000002,GREEN,GREEN,GREEN
2026-05-10 23:00:00+00:00,Hyderabad,37.1,75.8,74.2,3,21.6,55.1,1.78,67,1002.8547886260799,0.568,clear sky,,,37.1,,,GREEN,GREEN,GREEN
2026-05-11 00:00:00+00:00,Hyderabad,49.4,99.4,98.8,3,18.8,58.7,3.31,339,1006.7386123651063,0.479,clear sky,37.1,75.8,43.25,,12.299999999999997,GREEN,AMBER,AMBER
2026-05-11 01:00:00+00:00,Hyderabad,50.8,104.5,101.7,3,21.1,59.1,5.18,144,1004.6298486964027,0.384,clear sky,49.4,99.4,45.76666666666667,45.76666666666667,1.3999999999999986,GREEN,RED,RED
2026-05-11 02:00:00+00:00,Hyderabad,55.5,118.5,111.0,3,21.5,60.2,0.65,66,1007.258583210161,0.607,clear sky,50.8,104.5,51.9,48.2,4.700000000000003,AMBER,RED,RED
2026-05-11 03:00:00+00:00,Hyderabad,56.2,123.5,112.5,3,20.9,54.2,1.81,21,1011.6052862471466,0.57,clear sky,55.5,118.5,54.166666666666664,49.8,0.7000000000000028,AMBER,RED,RED
2026-05-11 04:00:00+00:00,Hyderabad,60.5,126.5,121.1,3,24.2,54.1,2.99,40,1010.4756671673567,0.511,clear sky,56.2,123.5,57.4,51.583333333333336,4.299999999999997,RED,RED,RED
2026-05-11 05:00:00+00:00,Hyderabad,73.4,150.0,146.8,3,25.5,51.7,5.6,247,1009.2945949517137,0.392,clear sky,60.5,126.5,63.366666666666674,54.699999999999996,12.900000000000006,RED,RED,RED
2026-05-11 06:00:00+00:00,Hyderabad,71.8,141.4,143.7,3,27.2,47.3,0.5,164,1002.4081405666391,0.676,clear sky,73.4,150.0,68.56666666666668,56.8375,-1.6000000000000085,RED,RED,RED
2026-05-11 07:00:00+00:00,Hyderabad,78.4,156.4,156.7,3,30.3,37.5,0.53,332,1010.0038031539581,0.732,clear sky,71.8,141.4,74.53333333333333,59.233333333333334,6.6000000000000085,RED,RED,RED
2026-05-11 08:00:00+00:00,Hyderabad,97.1,211.3,194.2,3,32.9,40.2,0.5,229,1010.5837083031972,0.743,haze,78.4,156.4,82.43333333333332,63.02,18.69999999999999,RED,RED,RED
2026-05-11 09:00:00+00:00,Hyderabad,121.6,235.9,243.3,3,32.8,33.8,2.0,260,1009.2101205736179,0.69,haze,97.1,211.3,99.03333333333335,68.34545454545454,24.5,RED,RED,RED
2026-05-11 10:00:00+00:00,Hyderabad,86.7,158.2,173.4,3,33.6,33.9,3.78,70,1006.1217186478842,0.607,haze,121.6,235.9,101.8,69.875,-34.89999999999999,RED,RED,RED
2026-05-11 11:00:00+00:00,Hyderabad,81.4,153.4,162.7,3,37.4,27.5,0.5,337,1003.6233578616876,0.822,haze,86.7,158.2,96.56666666666666,70.76153846153846,-5.299999999999997,RED,RED,RED
2026-05-11 12:00:00+00:00,Hyderabad,134.3,283.5,268.5,3,36.0,24.3,4.61,17,1005.4051471391747,0.617,haze,81.4,153.4,100.8,75.3,52.900000000000006,RED,RED,RED
2026-05-11 13:00:00+00:00,Hyderabad,84.2,162.4,168.4,3,35.7,33.6,3.45,59,1010.5730159310156,0.64,haze,134.3,283.5,99.96666666666668,75.89333333333335,-50.10000000000001,RED,RED,RED
2026-05-11 14:00:00+00:00,Hyderabad,56.1,110.6,112.2,3,35.2,36.0,0.5,22,1006.6039676297137,0.776,clear sky,84.2,162.4,91.53333333333332,74.65625,-28.1,AMBER,RED,RED
2026-05-11 15:00:00+00:00,Hyderabad,68.5,134.3,136.9,3,34.5,34.3,1.03,259,1008.9486663741123,0.75,clear sky,56.1,110.6,69.6,74.29411764705883,12.399999999999999,RED,RED,RED
2026-05-11 16:00:00+00:00,Hyderabad,62.8,121.1,125.6,3,33.5,35.3,1.88,335,1005.0654881695386,0.696,clear sky,68.5,134.3,62.46666666666666,73.65555555555555,-5.700000000000003,RED,RED,RED
2026-05-11 17:00:00+00:00,Hyderabad,45.6,86.5,91.2,3,32.6,42.4,0.5,24,1008.0622696196582,0.734,clear sky,62.8,121.1,58.96666666666666,72.17894736842106,-17.199999999999996,GREEN,AMBER,AMBER
2026-05-11 18:00:00+00:00,Hyderabad,69.8,137.1,139.7,3,28.2,47.4,0.57,132,1010.9333460004503,0.68,clear sky,45.6,86.5,59.4,72.06,24.199999999999996,RED,RED,RED
2026-05-11 19:00:00+00:00,Hyderabad,57.9,120.1,115.7,3,27.3,48.8,0.5,349,1005.9228509310209,0.672,clear sky,69.8,137.1,57.76666666666666,71.38571428571429,-11.899999999999999,AMBER,RED,RED
2026-05-11 20:00:00+00:00,Hyderabad,46.4,89.1,92.8,3,24.4,44.8,2.14,26,1008.9137948579563,0.586,clear sky,57.9,120.1,58.03333333333333,70.25,-11.5,GREEN,AMBER,AMBER
2026-05-11 21:00:00+00:00,Hyderabad,46.3,93.7,92.5,3,21.6,55.1,0.5,1,1011.4450985278851,0.632,clear sky,46.4,89.1,50.19999999999999,69.20869565217392,-0.10000000000000142,GREEN,AMBER,AMBER
2026-05-11 22:00:00+00:00,Hyderabad,46.6,94.4,93.1,3,21.2,59.2,0.69,317,1005.9570945288675,0.608,clear sky,46.3,93.7,46.43333333333333,68.26666666666667,0.30000000000000426,GREEN,AMBER,AMBER
2026-05-11 23:00:00+00:00,Hyderabad,47.7,101.2,95.3,3,19.3,59.8,2.57,6,1004.0131595166428,0.513,clear sky,46.6,94.4,46.86666666666667,68.70833333333333,1.1000000000000014,GREEN,RED,RED
2026-05-12 00:00:00+00:00,Hyderabad,49.9,101.0,99.9,3,20.2,52.4,3.39,52,1006.5146882254489,0.497,clear sky,47.7,101.2,48.06666666666666,68.72916666666667,2.1999999999999957,GREEN,RED,RED
2026-05-12 01:00:00+00:00,Hyderabad,49.6,99.8,99.3,3,21.2,61.2,2.05,111,1008.2632287069771,0.533,clear sky,49.9,101.0,49.06666666666666,68.67916666666666,-0.29999999999999716,GREEN,AMBER,AMBER
2026-05-12 02:00:00+00:00,Hyderabad,37.8,76.9,75.7,3,20.6,54.8,1.07,224,1008.9584511195551,0.605,clear sky,49.6,99.8,45.76666666666666,67.94166666666668,-11.800000000000004,GREEN,GREEN,GREEN
2026-05-12 03:00:00+00:00,Hyderabad,61.5,134.1,123.0,3,22.0,56.6,2.39,247,1009.0969624247708,0.533,clear sky,37.8,76.9,49.633333333333326,68.16250000000001,23.700000000000003,RED,RED,RED
2026-05-12 04:00:00+00:00,Hyderabad,69.3,151.6,138.5,3,25.1,51.1,1.53,348,1009.2151485671334,0.596,clear sky,61.5,134.1,56.199999999999996,68.52916666666667,7.799999999999997,RED,RED,RED
2026-05-12 05:00:00+00:00,Hyderabad,106.0,205.2,212.0,3,26.1,47.4,3.06,273,1006.5954827230129,0.54,haze,69.3,151.6,78.93333333333332,69.8875,36.7,RED,RED,RED
2026-05-12 06:00:00+00:00,Hyderabad,66.2,145.6,132.4,3,28.7,46.3,0.5,201,1010.5093136351833,0.69,clear sky,106.0,205.2,80.5,69.65416666666667,-39.8,RED,RED,RED
2026-05-12 07:00:00+00:00,Hyderabad,83.2,170.8,166.3,3,31.2,34.9,1.14,193,1006.7353022068658,0.718,haze,66.2,145.6,85.13333333333334,69.85416666666667,17.0,RED,RED,RED
2026-05-12 08:00:00+00:00,Hyderabad,79.4,169.3,158.9,3,30.7,32.0,0.52,218,1007.9815386674363,0.755,clear sky,83.2,170.8,76.26666666666667,69.11666666666666,-3.799999999999997,RED,RED,RED
2026-05-12 09:00:00+00:00,Hyderabad,119.3,232.1,238.6,3,33.4,34.0,1.28,217,1008.6308549792536,0.73,haze,79.4,169.3,93.96666666666668,69.02083333333333,39.89999999999999,RED,RED,RED
2026-05-12 10:00:00+00:00,Hyderabad,87.9,163.4,175.8,3,35.0,32.3,1.18,92,1010.4948756387809,0.753,haze,119.3,232.1,95.53333333333335,69.07083333333334,-31.39999999999999,RED,RED,RED
2026-05-12 11:00:00+00:00,Hyderabad,84.0,170.1,168.0,3,35.7,26.4,0.9,325,1009.5396001164587,0.792,haze,87.9,163.4,97.06666666666666,69.17916666666666,-3.9000000000000057,RED,RED,RED
2026-05-12 12:00:00+00:00,Hyderabad,95.6,190.4,191.3,3,34.3,28.6,0.5,132,1004.423789546306,0.794,haze,84.0,170.1,89.16666666666667,67.56666666666666,11.599999999999994,RED,RED,RED
2026-05-12 13:00:00+00:00,Hyderabad,78.9,142.3,157.8,3,35.6,28.7,0.98,51,1010.7524994840246,0.78,clear sky,95.6,190.4,86.16666666666667,67.34583333333333,-16.69999999999999,RED,RED,RED
2026-05-12 14:00:00+00:00,Hyderabad,83.4,171.5,166.7,3,33.7,35.9,2.31,168,1009.1725592178743,0.674,haze,78.9,142.3,85.96666666666668,68.48333333333333,4.5,RED,RED,RED
2026-05-12 15:00:00+00:00,Hyderabad,80.4,152.7,160.9,3,33.4,40.1,1.0,150,1010.2117404305876,0.723,haze,83.4,171.5,80.89999999999999,68.97916666666667,-3.0,RED,RED,RED
2026-05-12 16:00:00+00:00,Hyderabad,57.7,112.9,115.3,3,32.3,38.0,6.15,34,1006.0230838425925,0.464,clear sky,80.4,152.7,73.83333333333334,68.76666666666667,-22.700000000000003,AMBER,RED,RED
2026-05-12 17:00:00+00:00,Hyderabad,59.0,129.9,118.1,3,30.8,44.0,1.02,302,1006.4884228636765,0.689,clear sky,57.7,112.9,65.7,69.325,1.2999999999999972,AMBER,RED,RED
2026-05-12 18:00:00+00:00,Hyderabad,49.9,100.2,99.8,3,27.1,43.0,1.09,224,1010.722029160846,0.66,clear sky,59.0,129.9,55.53333333333333,68.49583333333334,-9.100000000000001,GREEN,RED,RED
2026-05-12 19:00:00+00:00,Hyderabad,62.7,136.7,125.5,3,25.9,47.6,2.34,109,1007.6656508392095,0.573,clear sky,49.9,100.2,57.199999999999996,68.69583333333334,12.800000000000004,RED,RED,RED
2026-05-12 20:00:00+00:00,Hyderabad,86.3,155.5,172.6,3,22.9,52.9,0.96,329,1009.4543290591105,0.617,haze,62.7,136.7,66.3,70.35833333333333,23.599999999999994,RED,RED,RED
2026-05-12 21:00:00+00:00,Hyderabad,47.3,103.1,94.7,3,23.4,56.2,3.97,76,1007.7700634085563,0.455,clear sky,86.3,155.5,65.43333333333334,70.4,-39.0,GREEN,RED,RED
2026-05-12 22:00:00+00:00,Hyderabad,45.1,92.7,90.2,3,20.1,57.1,1.81,305,1010.8031266561227,0.56,clear sky,47.3,103.1,59.56666666666667,70.33749999999999,-2.1999999999999957,GREEN,AMBER,AMBER
2026-05-12 23:00:00+00:00,Hyderabad,52.0,110.6,103.9,3,22.0,60.8,2.47,199,1009.0258668834954,0.513,clear sky,45.1,92.7,48.13333333333333,70.51666666666667,6.899999999999999,AMBER,RED,RED
2026-05-13 00:00:00+00:00,Hyderabad,54.7,116.6,109.5,3,22.5,63.9,3.42,103,1005.4760520508287,0.455,clear sky,52.0,110.6,50.6,70.71666666666667,2.700000000000003,AMBER,RED,RED
2026-05-13 01:00:00+00:00,Hyderabad,48.9,90.4,97.8,3,19.3,62.8,1.43,265,1008.5488888282185,0.559,clear sky,54.7,116.6,51.866666666666674,70.68750000000001,-5.800000000000004,GREEN,AMBER,AMBER
2026-05-13 02:00:00+00:00,Hyderabad,29.4,59.6,58.8,3,18.5,61.1,9.48,314,1009.6714666393018,0.162,clear sky,48.9,90.4,44.333333333333336,70.33749999999999,-19.5,GREEN,GREEN,GREEN
2026-05-13 03:00:00+00:00,Hyderabad,46.7,88.6,93.4,3,21.2,52.2,1.81,63,1006.2603799735687,0.577,clear sky,29.4,59.6,41.666666666666664,69.72083333333333,17.300000000000004,GREEN,AMBER,AMBER
2026-05-13 04:00:00+00:00,Hyderabad,60.2,125.9,120.5,3,24.6,55.3,0.82,197,1006.0081758286366,0.615,clear sky,46.7,88.6,45.43333333333334,69.34166666666667,13.5,RED,RED,RED
2026-05-13 05:00:00+00:00,Hyderabad,82.2,166.0,164.3,3,25.7,45.4,1.2,263,1001.9940514087364,0.636,haze,60.2,125.9,63.03333333333333,68.35000000000001,22.0,RED,RED,RED
2026-05-13 06:00:00+00:00,Hyderabad,73.7,135.2,147.4,3,27.7,46.3,2.33,162,1005.3561357070781,0.592,clear sky,82.2,166.0,72.03333333333335,68.6625,-8.5,RED,RED,RED
2026-05-13 07:00:00+00:00,Hyderabad,74.7,144.7,149.4,3,29.7,44.3,0.5,310,1005.5721764947726,0.705,clear sky,73.7,135.2,76.86666666666666,68.30833333333332,1.0,RED,RED,RED
2026-05-13 08:00:00+00:00,Hyderabad,87.2,177.1,174.3,3,31.3,40.4,3.23,301,1015.9841120278679,0.595,haze,74.7,144.7,78.53333333333335,68.63333333333334,12.5,RED,RED,RED
2026-05-13 09:00:00+00:00,Hyderabad,90.3,169.1,180.5,3,34.1,37.1,2.95,310,1007.2242531711985,0.641,haze,87.2,177.1,84.06666666666668,67.425,3.0999999999999943,RED,RED,RED
2026-05-13 10:00:00+00:00,Hyderabad,101.7,213.1,203.4,3,34.6,31.9,7.59,142,1011.6614963219563,0.431,haze,90.3,169.1,93.06666666666666,68.0,11.400000000000006,RED,RED,RED
2026-05-13 11:00:00+00:00,Hyderabad,136.2,252.3,272.4,3,36.7,21.1,3.29,202,1002.9321450124341,0.699,haze,101.7,213.1,109.39999999999999,70.175,34.499999999999986,RED,RED,RED
2026-05-13 12:00:00+00:00,Hyderabad,81.8,149.0,163.6,3,36.3,32.4,2.41,304,1002.9785718724693,0.701,haze,136.2,252.3,106.56666666666666,69.60000000000001,-54.39999999999999,RED,RED,RED
2026-05-13 13:00:00+00:00,Hyderabad,77.1,140.0,154.3,3,35.8,25.1,3.34,207,1012.4701251677734,0.676,clear sky,81.8,149.0,98.36666666666666,69.52499999999999,-4.700000000000003,RED,RED,RED
2026-05-13 14:00:00+00:00,Hyderabad,88.9,162.8,177.9,3,35.9,30.1,0.93,357,1005.8337861048876,0.78,haze,77.1,140.0,82.60000000000001,69.75416666666666,11.800000000000011,RED,RED,RED
2026-05-13 15:00:00+00:00,Hyderabad,76.1,167.0,152.2,3,33.5,37.3,4.74,250,1006.7741087360469,0.546,clear sky,88.9,162.8,80.69999999999999,69.575,-12.800000000000011,RED,RED,RED
2026-05-13 16:00:00+00:00,Hyderabad,63.4,117.1,126.7,3,31.7,30.6,0.79,185,1010.3767797436786,0.753,clear sky,76.1,167.0,76.13333333333334,69.8125,-12.699999999999996,RED,RED,RED
2026-05-13 17:00:00+00:00,Hyderabad,67.0,143.7,134.1,3,30.2,39.3,0.5,181,1012.7035594997506,0.726,clear sky,63.4,117.1,68.83333333333333,70.14583333333333,3.6000000000000014,RED,RED,RED
2026-05-13 18:00:00+00:00,Hyderabad,58.6,121.7,117.1,3,28.9,43.0,1.62,183,1002.9931959944587,0.647,clear sky,67.0,143.7,62.99999999999999,70.50833333333333,-8.399999999999999,AMBER,RED,RED
2026-05-13 19:00:00+00:00,Hyderabad,47.0,85.5,94.0,3,26.9,48.0,7.64,128,1005.1297997533667,0.314,clear sky,58.6,121.7,57.53333333333333,69.85416666666667,-11.600000000000001,GREEN,AMBER,AMBER
2026-05-13 20:00:00+00:00,Hyderabad,53.0,99.5,106.0,3,22.7,55.3,13.35,299,1013.1571646814739,0.157,clear sky,47.0,85.5,52.86666666666667,68.46666666666665,6.0,AMBER,AMBER,AMBER
2026-05-13 21:00:00+00:00,Hyderabad,38.0,79.8,76.1,3,22.8,59.6,16.74,43,1008.445883631592,0.141,clear sky,53.0,99.5,46.0,68.07916666666667,-15.0,GREEN,GREEN,GREEN
2026-05-13 22:00:00+00:00,Hyderabad,53.8,117.5,107.7,3,20.6,56.3,2.64,162,1009.1427334368559,0.521,clear sky,38.0,79.8,48.26666666666667,68.44166666666666,15.799999999999997,AMBER,RED,RED
2026-05-13 23:00:00+00:00,Hyderabad,42.4,83.5,84.8,3,19.3,55.8,0.5,171,1008.4579421230347,0.63,clear sky,53.8,117.5,44.73333333333333,68.04166666666667,-11.399999999999999,GREEN,GREEN,GREEN
2026-05-14 00:00:00+00:00,Hyderabad,57.3,125.7,114.6,3,20.3,60.6,0.5,269,1004.8868016480512,0.613,clear sky,42.4,83.5,51.166666666666664,68.14999999999999,14.899999999999999,AMBER,RED,RED
2026-05-14 01:00:00+00:00,Hyderabad,49.3,97.5,98.5,3,20.2,65.1,2.98,82,1004.1834426499977,0.473,clear sky,57.3,125.7,49.666666666666664,68.16666666666666,-8.0,GREEN,AMBER,AMBER
2026-05-14 02:00:00+00:00,Hyderabad,54.4,99.4,108.7,3,22.7,57.8,13.5,64,1010.2142860902856,0.148,clear sky,49.3,97.5,53.666666666666664,69.20833333333333,5.100000000000001,AMBER,AMBER,AMBER
2026-05-14 03:00:00+00:00,Hyderabad,42.2,89.9,84.4,3,22.3,58.8,1.74,58,1008.3377698414707,0.557,clear sky,54.4,99.4,48.63333333333333,69.02083333333333,-12.199999999999996,GREEN,AMBER,AMBER
2026-05-14 04:00:00+00:00,Hyderabad,104.5,219.5,209.0,3,22.1,45.7,1.44,84,1007.3948635373292,0.618,haze,42.2,89.9,67.03333333333335,70.86666666666666,62.3,RED,RED,RED
2026-05-14 05:00:00+00:00,Hyderabad,79.0,147.7,157.9,3,25.2,50.7,1.2,291,1011.741790809712,0.614,clear sky,104.5,219.5,75.23333333333333,70.73333333333333,-25.5,RED,RED,RED
2026-05-14 06:00:00+00:00,Hyderabad,82.7,169.1,165.4,3,28.4,42.6,1.14,222,1004.6700295470542,0.67,haze,79.0,147.7,88.73333333333335,71.10833333333333,3.700000000000003,RED,RED,RED
2026-05-14 07:00:00+00:00,Hyderabad,83.9,177.6,167.8,3,31.1,38.3,6.68,52,1004.0598678466004,0.428,haze,82.7,169.1,81.86666666666667,71.49166666666666,1.2000000000000028,RED,RED,RED
2026-05-14 08:00:00+00:00,Hyderabad,87.0,179.3,174.0,3,31.4,40.0,7.41,253,1008.3008629097723,0.388,haze,83.9,177.6,84.53333333333335,71.48333333333333,3.0999999999999943,RED,RED,RED
2026-05-14 09:00:00+00:00,Hyderabad,90.9,188.6,181.8,3,33.2,38.2,1.35,329,1008.238131165926,0.71,haze,87.0,179.3,87.2666666666667,71.50833333333334,3.9000000000000057,RED,RED,RED
2026-05-14 10:00:00+00:00,Hyderabad,92.7,181.1,185.5,3,35.4,31.7,0.5,36,1005.5436446959582,0.792,haze,90.9,188.6,90.2,71.13333333333334,1.7999999999999972,RED,RED,RED
2026-05-14 11:00:00+00:00,Hyderabad,125.4,274.1,250.7,3,35.9,31.3,7.59,157,1011.4347030799331,0.443,haze,92.7,181.1,103.0,70.68333333333332,32.7,RED,RED,RED
2026-05-14 12:00:00+00:00,Hyderabad,83.4,179.0,166.8,3,37.2,29.1,8.14,159,1012.3180228523748,0.433,haze,125.4,274.1,100.50000000000001,70.75,-42.0,RED,RED,RED
2026-05-14 13:00:00+00:00,Hyderabad,74.1,149.9,148.2,3,35.0,29.4,1.76,35,1011.4508888978796,0.735,clear sky,83.4,179.0,94.30000000000001,70.625,-9.300000000000011,RED,RED,RED
2026-05-14 14:00:00+00:00,Hyderabad,105.1,227.5,210.1,3,33.9,30.7,4.47,18,1009.0651629767322,0.586,haze,74.1,149.9,87.53333333333335,71.3,31.0,RED,RED,RED
2026-05-14 15:00:00+00:00,Hyderabad,69.2,140.9,138.5,3,33.5,34.6,0.94,227,1016.9883108908515,0.746,clear sky,105.1,227.5,82.8,71.0125,-35.89999999999999,RED,RED,RED
2026-05-14 16:00:00+00:00,Hyderabad,70.5,140.0,140.9,3,31.0,37.4,3.98,131,1006.3938128875379,0.565,clear sky,69.2,140.9,81.60000000000001,71.30833333333334,1.2999999999999972,RED,RED,RED
2026-05-14 17:00:00+00:00,Hyderabad,57.3,116.2,114.7,3,29.3,39.5,4.66,94,1011.530923264635,0.511,clear sky,70.5,140.0,65.66666666666667,70.90416666666667,-13.200000000000003,AMBER,RED,RED
2026-05-14 18:00:00+00:00,Hyderabad,58.6,112.1,117.2,3,27.7,42.1,4.46,190,1013.474653233166,0.5,clear sky,57.3,116.2,62.13333333333333,70.90416666666667,1.3000000000000043,AMBER,RED,RED
2026-05-14 19:00:00+00:00,Hyderabad,55.5,114.2,111.1,3,25.6,51.3,1.94,50,1009.9602661796248,0.578,clear sky,58.6,112.1,57.13333333333333,71.25833333333334,-3.1000000000000014,AMBER,RED,RED
2026-05-14 20:00:00+00:00,Hyderabad,44.2,86.5,88.4,3,23.7,51.4,2.76,357,1010.9511843078254,0.532,clear sky,55.5,114.2,52.76666666666667,70.89166666666667,-11.299999999999997,GREEN,AMBER,AMBER
2026-05-14 21:00:00+00:00,Hyderabad,32.6,71.1,65.2,3,22.6,51.2,0.99,125,1007.6952719740193,0.621,clear sky,44.2,86.5,44.1,70.66666666666667,-11.600000000000001,GREEN,GREEN,GREEN
2026-05-14 22:00:00+00:00,Hyderabad,36.2,66.6,72.4,3,21.5,62.0,0.5,252,1002.8950323378289,0.608,clear sky,32.6,71.1,37.66666666666668,69.93333333333334,3.6000000000000014,GREEN,GREEN,GREEN
2026-05-14 23:00:00+00:00,Hyderabad,55.4,100.5,110.8,3,21.9,61.6,2.94,49,1004.6568912638025,0.487,clear sky,36.2,66.6,41.400000000000006,70.47500000000001,19.199999999999996,AMBER,RED,RED
2026-05-15 00:00:00+00:00,Hyderabad,41.6,77.0,83.3,3,20.8,60.0,0.79,255,1004.2425169519031,0.6,clear sky,55.4,100.5,44.400000000000006,69.82083333333334,-13.799999999999997,GREEN,GREEN,GREEN
2026-05-15 01:00:00+00:00,Hyderabad,32.9,63.7,65.8,3,21.7,64.2,2.53,11,1007.3574794691834,0.499,clear sky,41.6,77.0,43.300000000000004,69.1375,-8.700000000000003,GREEN,GREEN,GREEN
2026-05-15 02:00:00+00:00,Hyderabad,67.7,148.8,135.4,3,19.8,55.7,0.95,189,1007.8025711540572,0.607,clear sky,32.9,63.7,47.400000000000006,69.69166666666668,34.800000000000004,RED,RED,RED
2026-05-15 03:00:00+00:00,Hyderabad,76.5,157.9,153.1,3,21.3,52.9,7.66,120,1011.293499775128,0.282,clear sky,67.7,148.8,59.03333333333334,71.12083333333334,8.799999999999997,RED,RED,RED
2026-05-15 04:00:00+00:00,Hyderabad,64.8,124.9,129.5,3,24.5,50.1,4.18,195,1012.6449695286481,0.466,clear sky,76.5,157.9,69.66666666666667,69.46666666666667,-11.700000000000003,RED,RED,RED
2026-05-15 05:00:00+00:00,Hyderabad,63.4,136.8,126.8,3,28.4,46.8,3.6,247,1005.1736684909821,0.532,clear sky,64.8,124.9,68.23333333333333,68.81666666666666,-1.3999999999999986,RED,RED,RED
2026-05-15 06:00:00+00:00,Hyderabad,74.8,143.6,149.7,3,29.8,46.0,0.96,258,1004.0606704268149,0.677,clear sky,63.4,136.8,67.66666666666667,68.4875,11.399999999999999,RED,RED,RED
2026-05-15 07:00:00+00:00,Hyderabad,72.6,154.7,145.2,3,30.5,38.9,0.69,201,1010.5738530200749,0.721,clear sky,74.8,143.6,70.26666666666668,68.01666666666667,-2.200000000000003,RED,RED,RED
2026-05-15 08:00:00+00:00,Hyderabad,81.5,166.3,163.0,3,31.4,39.2,4.16,218,1003.9925581993464,0.553,haze,72.6,154.7,76.30000000000001,67.78750000000001,8.900000000000006,RED,RED,RED
2026-05-15 09:00:00+00:00,Hyderabad,84.1,175.8,168.3,3,32.2,31.7,0.5,314,1008.6440208238632,0.768,haze,81.5,166.3,79.4,67.50416666666666,2.5999999999999943,RED,RED,RED
2026-05-15 10:00:00+00:00,Hyderabad,82.2,173.7,164.3,3,35.5,31.6,0.69,142,1010.577917923303,0.784,haze,84.1,175.8,82.60000000000001,67.06666666666666,-1.8999999999999915,RED,RED,RED
2026-05-15 11:00:00+00:00,Hyderabad,84.1,154.7,168.1,3,34.5,33.0,3.1,359,1009.1035487106366,0.651,haze,82.2,173.7,83.46666666666668,65.34583333333335,1.8999999999999915,RED,RED,RED
2026-05-15 12:00:00+00:00,Hyderabad,91.6,165.1,183.1,3,35.1,32.3,1.94,267,1013.2434687672823,0.715,haze,84.1,154.7,85.96666666666668,65.6875,7.5,RED,RED,RED
2026-05-15 13:00:00+00:00,Hyderabad,100.5,220.9,201.0,3,36.2,29.7,0.91,233,1009.4796067242419,0.784,haze,91.6,165.1,92.06666666666668,66.78750000000001,8.900000000000006,RED,RED,RED
2026-05-15 14:00:00+00:00,Hyderabad,80.1,171.1,160.3,3,33.6,32.7,1.18,184,1004.7282571470408,0.741,haze,100.5,220.9,90.73333333333333,65.74583333333332,-20.400000000000006,RED,RED,RED
2026-05-15 15:00:00+00:00,Hyderabad,70.2,142.4,140.4,3,33.4,38.5,2.09,255,1004.5106542126244,0.674,clear sky,80.1,171.1,83.60000000000001,65.7875,-9.899999999999991,RED,RED,RED
2026-05-15 16:00:00+00:00,Hyderabad,66.6,132.0,133.1,3,30.9,35.4,6.77,309,1011.4653532444366,0.432,clear sky,70.2,142.4,72.3,65.625,-3.6000000000000085,RED,RED,RED
2026-05-15 17:00:00+00:00,Hyderabad,106.7,216.1,213.5,3,30.4,35.6,7.47,87,1004.2038726075218,0.392,haze,66.6,132.0,81.16666666666667,67.68333333333332,40.10000000000001,RED,RED,RED
2026-05-15 18:00:00+00:00,Hyderabad,58.9,107.2,117.8,3,29.1,46.2,3.86,140,1012.2716101242249,0.527,clear sky,106.7,216.1,77.4,67.69583333333334,-47.800000000000004,AMBER,RED,RED
2026-05-15 19:00:00+00:00,Hyderabad,44.8,83.6,89.5,3,25.7,46.1,3.67,319,1007.4527564295133,0.511,clear sky,58.9,107.2,70.13333333333334,67.25,-14.100000000000001,GREEN,GREEN,GREEN
2026-05-15 20:00:00+00:00,Hyderabad,39.9,85.5,79.7,3,24.3,54.9,4.75,194,1008.7112431404856,0.42,clear sky,44.8,83.6,47.866666666666674,67.07083333333334,-4.899999999999999,GREEN,AMBER,AMBER
2026-05-15 21:00:00+00:00,Hyderabad,43.7,84.6,87.4,3,22.2,55.6,0.5,3,1014.0801307315242,0.63,clear sky,39.9,85.5,42.80000000000001,67.53333333333335,3.8000000000000043,GREEN,GREEN,GREEN
2026-05-15 22:00:00+00:00,Hyderabad,29.8,62.9,59.7,3,21.2,62.0,2.52,249,1005.0185576694942,0.507,clear sky,43.7,84.6,37.80000000000001,67.26666666666667,-13.900000000000002,GREEN,GREEN,GREEN
2026-05-15 23:00:00+00:00,Hyderabad,50.4,92.2,100.7,3,20.7,57.4,7.23,310,1009.7545801928871,0.287,clear sky,29.8,62.9,41.30000000000001,67.05833333333332,20.599999999999998,GREEN,AMBER,AMBER
2026-05-16 00:00:00+00:00,Hyderabad,52.0,106.2,103.9,3,18.5,58.0,2.94,126,1010.2599597433056,0.5,clear sky,50.4,92.2,44.066666666666684,67.49166666666666,1.6000000000000014,AMBER,RED,RED
2026-05-16 01:00:00+00:00,Hyderabad,52.1,95.1,104.3,3,20.4,62.6,0.5,327,1005.4756896762684,0.606,clear sky,52.0,106.2,51.50000000000001,68.29166666666667,0.10000000000000142,AMBER,AMBER,AMBER
2026-05-16 02:00:00+00:00,Hyderabad,51.3,93.1,102.5,3,21.2,59.4,1.68,332,1004.8896367089678,0.558,clear sky,52.1,95.1,51.80000000000001,67.60833333333333,-0.8000000000000043,AMBER,AMBER,AMBER
2026-05-16 03:00:00+00:00,Hyderabad,61.9,113.2,123.8,3,21.9,57.8,6.15,254,1006.590242997828,0.34,clear sky,51.3,93.1,55.1,67.0,10.600000000000001,RED,RED,RED
2026-05-16 04:00:00+00:00,Hyderabad,66.5,133.8,133.0,3,23.9,47.6,0.52,297,1004.717002762767,0.657,clear sky,61.9,113.2,59.90000000000001,67.07083333333333,4.600000000000001,RED,RED,RED
2026-05-16 05:00:00+00:00,Hyderabad,108.9,225.5,217.9,3,26.9,47.1,1.82,103,1007.7745654653314,0.608,haze,66.5,133.8,79.10000000000001,68.96666666666667,42.400000000000006,RED,RED,RED
2026-05-16 06:00:00+00:00,Hyderabad,70.3,129.1,140.6,3,27.2,41.6,0.5,38,1007.485500767345,0.696,clear sky,108.9,225.5,81.90000000000002,68.77916666666665,-38.60000000000001,RED,RED,RED
2026-05-16 07:00:00+00:00,Hyderabad,89.1,164.3,178.2,3,29.4,39.6,2.64,123,1008.7740687131623,0.612,haze,70.3,129.1,89.43333333333335,69.46666666666667,18.799999999999997,RED,RED,RED
2026-05-16 08:00:00+00:00,Hyderabad,83.9,177.0,167.8,3,34.2,36.2,6.09,333,1005.4672794599538,0.488,haze,89.1,164.3,81.10000000000001,69.56666666666666,-5.199999999999989,RED,RED,RED
2026-05-16 09:00:00+00:00,Hyderabad,94.2,201.4,188.3,3,32.9,35.5,6.16,281,1007.1835517884459,0.477,haze,83.9,177.0,89.06666666666668,69.9875,10.299999999999997,RED,RED,RED
2026-05-16 10:00:00+00:00,Hyderabad,83.1,170.1,166.3,3,34.4,27.6,0.84,302,1010.6328103298391,0.782,haze,94.2,201.4,87.06666666666668,70.02499999999999,-11.100000000000009,RED,RED,RED
2026-05-16 11:00:00+00:00,Hyderabad,90.7,163.7,181.5,3,36.8,32.7,0.5,195,1010.4177444674461,0.799,haze,83.1,170.1,89.33333333333333,70.3,7.6000000000000085,RED,RED,RED
2026-05-16 12:00:00+00:00,Hyderabad,91.2,174.2,182.3,3,35.4,25.4,0.5,67,1004.8063050996037,0.814,haze,90.7,163.7,88.33333333333336,70.28333333333333,0.5,RED,RED,RED
2026-05-16 13:00:00+00:00,Hyderabad,79.0,145.9,158.0,3,37.8,30.9,0.5,165,1007.9381194604285,0.813,clear sky,91.2,174.2,86.96666666666668,69.3875,-12.200000000000003,RED,RED,RED
2026-05-16 14:00:00+00:00,Hyderabad,88.6,174.8,177.2,3,35.4,26.7,0.89,276,1007.1347996538946,0.79,haze,79.0,145.9,86.26666666666667,69.74166666666667,9.599999999999994,RED,RED,RED
2026-05-16 15:00:00+00:00,Hyderabad,76.0,141.0,152.0,3,34.9,34.7,0.5,135,1008.1826277590126,0.778,clear sky,88.6,174.8,81.2,69.98333333333333,-12.599999999999994,RED,RED,RED
2026-05-16 16:00:00+00:00,Hyderabad,64.7,140.1,129.4,3,33.1,42.8,3.09,184,1008.3752769011464,0.606,clear sky,76.0,141.0,76.43333333333335,69.90416666666667,-11.299999999999997,RED,RED,RED
2026-05-16 17:00:00+00:00,Hyderabad,57.1,115.3,114.2,3,30.0,43.4,0.74,233,1009.1425359327284,0.699,clear sky,64.7,140.1,65.93333333333335,67.8375,-7.600000000000001,AMBER,RED,RED
2026-05-16 18:00:00+00:00,Hyderabad,42.0,88.3,84.0,3,28.5,44.0,0.85,187,1006.5037015782492,0.68,clear sky,57.1,115.3,54.600000000000016,67.13333333333334,-15.100000000000001,GREEN,AMBER,AMBER
2026-05-16 19:00:00+00:00,Hyderabad,64.1,132.2,128.3,3,26.0,53.0,0.5,191,1008.0203365070191,0.647,clear sky,42.0,88.3,54.40000000000001,67.9375,22.099999999999994,RED,RED,RED
2026-05-16 20:00:00+00:00,Hyderabad,31.2,64.0,62.3,3,25.4,48.3,0.5,269,1005.46716596869,0.659,clear sky,64.1,132.2,45.76666666666668,67.575,-32.89999999999999,GREEN,GREEN,GREEN
2026-05-16 21:00:00+00:00,Hyderabad,30.2,60.7,60.3,3,23.0,55.1,0.83,213,1006.3317433416549,0.615,clear sky,31.2,64.0,41.83333333333334,67.0125,-1.0,GREEN,GREEN,GREEN
2026-05-16 22:00:00+00:00,Hyderabad,46.6,91.4,93.3,3,20.8,58.8,1.49,17,1006.7664746775934,0.57,clear sky,30.2,60.7,36.000000000000014,67.71249999999999,16.400000000000002,GREEN,AMBER,AMBER
2026-05-16 23:00:00+00:00,Hyderabad,36.0,75.7,71.9,3,21.7,59.2,0.5,177,1004.6803957017958,0.618,clear sky,46.6,91.4,37.600000000000016,67.1125,-10.600000000000001,GREEN,GREEN,GREEN
2026-05-17 00:00:00+00:00,Hyderabad,49.2,96.2,98.5,3,20.4,57.5,2.23,145,1009.007348842667,0.537,clear sky,36.0,75.7,43.93333333333336,66.99583333333334,13.200000000000003,GREEN,AMBER,AMBER
2026-05-17 01:00:00+00:00,Hyderabad,41.3,87.3,82.5,3,19.8,60.0,0.5,22,1012.733197990263,0.615,clear sky,49.2,96.2,42.16666666666668,66.54583333333333,-7.900000000000006,GREEN,AMBER,AMBER
2026-05-17 02:00:00+00:00,Hyderabad,64.9,130.3,129.8,3,21.1,54.3,2.79,298,1003.7859015925981,0.521,clear sky,41.3,87.3,51.80000000000001,67.1125,23.60000000000001,RED,RED,RED
2026-05-17 03:00:00+00:00,Hyderabad,46.4,86.2,92.8,3,22.3,57.8,0.87,35,1003.4613141804875,0.604,clear sky,64.9,130.3,50.86666666666668,66.46666666666667,-18.500000000000007,GREEN,AMBER,AMBER
2026-05-17 04:00:00+00:00,Hyderabad,47.9,103.0,95.7,3,23.2,52.8,1.98,93,1006.5870453847748,0.566,clear sky,46.4,86.2,53.066666666666684,65.69166666666666,1.5,GREEN,RED,RED
2026-05-17 05:00:00+00:00,Hyderabad,65.1,142.4,130.3,3,25.8,47.1,0.5,287,1009.8492613829554,0.666,clear sky,47.9,103.0,53.13333333333335,63.86666666666667,17.199999999999996,RED,RED,RED
2026-05-17 06:00:00+00:00,Hyderabad,69.0,125.4,138.1,3,27.6,44.4,3.47,227,1006.0677986243078,0.541,clear sky,65.1,142.4,60.66666666666668,63.8125,3.9000000000000057,RED,RED,RED
2026-05-17 07:00:00+00:00,Hyderabad,86.2,174.7,172.5,3,29.7,38.9,2.01,252,1009.6576607730143,0.648,haze,69.0,125.4,73.43333333333334,63.69166666666666,17.200000000000003,RED,RED,RED
2026-05-17 08:00:00+00:00,Hyderabad,76.0,145.6,152.0,3,31.9,42.6,5.62,88,1006.501421294464,0.471,clear sky,86.2,174.7,77.06666666666668,63.362500000000004,-10.200000000000003,RED,RED,RED
2026-05-17 09:00:00+00:00,Hyderabad,74.6,140.9,149.1,3,34.2,31.7,0.95,212,1009.0312138726754,0.761,clear sky,76.0,145.6,78.93333333333335,62.54583333333333,-1.4000000000000057,RED,RED,RED
2026-05-17 10:00:00+00:00,Hyderabad,84.4,181.2,168.8,3,32.9,33.4,1.01,46,1009.1963108089639,0.742,haze,74.6,140.9,78.33333333333336,62.6,9.800000000000011,RED,RED,RED
2026-05-17 11:00:00+00:00,Hyderabad,97.2,205.4,194.4,3,35.4,28.8,3.86,95,1003.6860866341817,0.634,haze,84.4,181.2,85.40000000000002,62.87083333333334,12.799999999999997,RED,RED,RED
2026-05-17 12:00:00+00:00,Hyderabad,70.5,142.3,141.0,3,36.8,34.6,5.7,175,1009.5350854902211,0.532,clear sky,97.2,205.4,84.03333333333335,62.00833333333333,-26.700000000000003,RED,RED,RED
2026-05-17 13:00:00+00:00,Hyderabad,95.5,183.6,191.0,3,37.3,34.4,0.5,280,1007.6930204691963,0.797,haze,70.5,142.3,87.73333333333335,62.69583333333333,25.0,RED,RED,RED
2026-05-17 14:00:00+00:00,Hyderabad,76.9,155.0,153.7,3,34.8,30.4,2.44,223,1007.5676124982397,0.695,clear sky,95.5,183.6,80.96666666666668,62.208333333333336,-18.599999999999994,RED,RED,RED
2026-05-17 15:00:00+00:00,Hyderabad,79.2,160.5,158.3,3,33.2,36.8,1.38,95,1004.4367208063909,0.714,clear sky,76.9,155.0,83.86666666666667,62.34166666666666,2.299999999999997,RED,RED,RED
2026-05-17 16:00:00+00:00,Hyderabad,66.8,131.8,133.6,3,33.0,39.6,1.16,74,1004.4788815280017,0.713,clear sky,79.2,160.5,74.30000000000001,62.429166666666674,-12.400000000000006,RED,RED,RED
2026-05-17 17:00:00+00:00,Hyderabad,55.1,100.2,110.3,3,31.0,37.0,0.5,62,1011.703375419227,0.74,clear sky,66.8,131.8,67.03333333333335,62.34583333333333,-11.699999999999996,AMBER,RED,RED
2026-05-17 18:00:00+00:00,Hyderabad,59.5,124.1,119.0,3,26.3,42.1,3.87,108,1007.7103276312411,0.519,clear sky,55.1,100.2,60.466666666666676,63.074999999999996,4.399999999999999,AMBER,RED,RED
2026-05-17 19:00:00+00:00,Hyderabad,44.5,97.1,89.1,3,27.9,53.5,3.61,193,1008.6168253694972,0.504,clear sky,59.5,124.1,53.03333333333335,62.25833333333333,-15.0,GREEN,AMBER,AMBER
2026-05-17 20:00:00+00:00,Hyderabad,55.7,114.4,111.5,3,23.1,51.8,2.84,134,1012.483513245867,0.526,clear sky,44.5,97.1,53.23333333333335,63.27916666666667,11.200000000000003,AMBER,RED,RED
2026-05-17 21:00:00+00:00,Hyderabad,49.7,105.3,99.5,3,22.2,51.2,0.76,205,1005.8512032744516,0.633,clear sky,55.7,114.4,49.96666666666669,64.09166666666667,-6.0,GREEN,RED,RED
2026-05-17 22:00:00+00:00,Hyderabad,41.8,76.1,83.5,3,23.3,62.1,0.59,237,1010.3401576719529,0.603,clear sky,49.7,105.3,49.066666666666684,63.89166666666667,-7.900000000000006,GREEN,GREEN,GREEN
